seed,run_id,agent_id_key,income_group,purpose_baseline,purpose_differentiated,mode_baseline,mode_differentiated,destination_id_baseline,destination_id_differentiated,purpose_changed,destination_changed,mode_changed,route_jaccard_segments,route_jaccard_length,delta_od_distance_m,delta_travel_distance_m,delta_travel_time_s,analysis_included_both
11,nominal_seed_11,1,middle,shopping,shopping,bike,bike,D_0005555,D_0005556,False,True,False,0.75,0.6122495174748858,428.33871682642155,333.32604448805637,,True
11,nominal_seed_11,2,middle,shopping,shopping,transit,car,D_0008031,D_0008018,False,True,True,0.08333333333333333,0.061292311647762304,5660.308709854435,4636.322297196047,,True
11,nominal_seed_11,3,high,shopping,shopping,car,car,D_0007323,D_0007479,False,True,False,0.010362694300518135,0.006583736178074605,600.0903039414452,322.1565345052395,,True
11,nominal_seed_11,4,high,work,work,bike,bike,D_0010104,D_0010106,False,True,False,0.8085106382978723,0.8584782630210759,725.6095171672769,581.4777276205496,,True
11,nominal_seed_11,5,high,shopping,health,transit,car,D_0005969,D_0001179,True,True,True,0.024,0.01599834721545507,-6350.844874906539,-15438.44723022005,,True
11,nominal_seed_11,6,high,education,education,car,car,D_0000921,D_0000925,False,True,False,0.2935323383084577,0.20068455956731326,9952.398821630879,12428.904754086794,,True
11,nominal_seed_11,7,middle,work,work,bike,bike,D_0010436,D_0010437,False,True,False,0.921875,0.8696622135003834,258.10652178502187,578.9220912400706,,True
11,nominal_seed_11,8,middle,education,education,transit,transit,D_0000134,D_0000134,False,False,False,1.0,1.0,0.0,0.0,0.0,True
11,nominal_seed_11,9,middle,work,work,car,car,D_0021462,D_0021462,False,False,False,1.0,1.0000000000000004,0.0,0.0,,True
11,nominal_seed_11,10,middle,work,work,car,car,D_0015865,D_0015866,False,True,False,0.4666666666666667,0.5749745091786418,421.7696856700877,348.66622463840895,,True
11,nominal_seed_11,11,low,shopping,education,transit,transit,D_0006506,D_0000301,True,True,False,0.032467532467532464,0.02089579717438285,3608.659145824598,3484.784896205654,540.8829181979095,True
11,nominal_seed_11,12,middle,work,work,transit,transit,D_0015379,D_0015379,False,False,False,1.0,0.9999999999999998,0.0,0.0,0.0,True
11,nominal_seed_11,13,middle,health,health,car,car,D_0001610,D_0001611,False,True,False,0.7831325301204819,0.7604561178544498,429.18007589939134,576.513052728973,,True
11,nominal_seed_11,14,low,work,work,transit,transit,D_0012859,D_0012859,False,False,False,1.0,1.0000000000000009,0.0,0.0,0.0,True
11,nominal_seed_11,15,middle,work,work,transit,transit,D_0011163,D_0011163,False,False,False,1.0,1.0,0.0,0.0,0.0,True
11,nominal_seed_11,16,middle,work,work,car,car,D_0018676,D_0018676,False,False,False,1.0,1.0,0.0,0.0,,True
11,nominal_seed_11,17,low,leisure,health,car,transit,D_0003753,D_0001624,True,True,True,0.013201320132013201,0.00816020651314357,-5105.137891705352,-491.3468906157468,,True
11,nominal_seed_11,18,high,leisure,leisure,car,car,D_0003219,D_0003321,False,True,False,0.06832298136645963,0.0512896978862225,2471.8803477357756,2802.7939526635064,,True
11,nominal_seed_11,19,middle,work,work,car,car,D_0018974,D_0018974,False,False,False,1.0,0.9999999999999999,0.0,0.0,,True
11,nominal_seed_11,20,middle,education,education,car,car,D_0000515,D_0000516,False,True,False,0.8320610687022901,0.8585536765882477,-28.994661326287314,-619.8977803162943,,True
11,nominal_seed_11,21,low,education,work,car,car,D_0000992,D_0022261,True,True,False,0.11452513966480447,0.09959306930051283,14384.868285771568,15989.526077494127,,True
11,nominal_seed_11,22,high,education,shopping,transit,car,D_0000236,D_0006119,True,True,True,0.0,0.0,11789.859819744517,12914.467612785455,,True
11,nominal_seed_11,23,middle,work,work,car,car,D_0014966,D_0014966,False,False,False,1.0,1.0,0.0,0.0,,True
11,nominal_seed_11,24,high,work,work,transit,car,D_0014227,D_0014272,False,True,True,0.0,0.0,-1554.7339443834203,-4874.130209126053,,True
11,nominal_seed_11,25,middle,leisure,leisure,transit,transit,D_0002929,D_0002934,False,True,False,0.009708737864077669,0.01709451941782036,-4629.851079331707,-10219.779346719573,-1737.231835882736,True
11,nominal_seed_11,26,middle,education,education,car,car,D_0000508,D_0000508,False,False,False,1.0,1.0,0.0,0.0,,True
11,nominal_seed_11,27,middle,shopping,shopping,transit,transit,D_0005914,D_0005922,False,True,False,0.46551724137931033,0.48861536187933613,820.903823179789,692.4505969029278,341.510622559432,True
11,nominal_seed_11,28,middle,work,work,car,car,D_0019760,D_0019759,False,True,False,0.9940828402366864,0.9962612827312991,12.776217836837532,47.962515324579726,,True
11,nominal_seed_11,29,middle,shopping,shopping,car,car,D_0009082,D_0009085,False,True,False,0.0,0.0,648.2810322282503,1090.399267072804,,True
11,nominal_seed_11,30,middle,education,education,transit,transit,D_0000128,D_0000128,False,False,False,1.0,0.9999999999999989,0.0,0.0,0.0,True
11,nominal_seed_11,31,middle,health,health,car,car,D_0001521,D_0001520,False,True,False,0.8115384615384615,0.8924934735796981,27.588139232266258,-263.20931770722746,,True
11,nominal_seed_11,32,middle,shopping,shopping,transit,transit,D_0006056,D_0006060,False,True,False,0.9142857142857143,0.9209505276258809,-162.4528144432893,-64.17454969254686,-45.83896406610438,True
11,nominal_seed_11,33,low,shopping,education,bike,bike,D_0005445,D_0000076,True,True,False,0.7727272727272727,0.693209546113512,-999.3944018431657,-1205.2173548695582,,True
11,nominal_seed_11,34,middle,work,work,car,car,D_0020438,D_0020438,False,False,False,1.0,1.0,0.0,0.0,,True
11,nominal_seed_11,35,middle,health,health,car,car,D_0001476,D_0001475,False,True,False,0.28205128205128205,0.3791107817576709,-1819.942080660372,-1907.973948381834,,True
11,nominal_seed_11,36,low,health,shopping,transit,transit,D_0001153,D_0005650,True,True,False,,,307.41689418977785,122846.66137547567,507.13205407707164,False
11,nominal_seed_11,37,middle,work,work,car,car,D_0016104,D_0016106,False,True,False,0.054945054945054944,0.06435693668858537,-1448.507179120635,-945.5224699510004,,True
11,nominal_seed_11,38,middle,health,health,transit,transit,D_0001210,D_0001211,False,True,False,0.9369369369369369,0.9439907206533213,-378.62764855201476,-238.35153756528507,-170.25109826092012,True
11,nominal_seed_11,39,low,work,work,car,car,D_0020588,D_0020573,False,True,False,0.09125475285171103,0.08362784932922437,1996.8174729416833,1725.5933389548954,,True
11,nominal_seed_11,40,middle,leisure,leisure,transit,transit,D_0002430,D_0002442,False,True,False,0.005917159763313609,0.0023859555076039757,-278.68174492110893,432.809917107963,-708.722792643428,True
11,nominal_seed_11,41,middle,health,health,bike,bike,D_0001054,D_0001054,False,False,False,1.0,1.0000000000000004,0.0,0.0,,True
11,nominal_seed_11,42,high,shopping,shopping,transit,car,D_0005752,D_0005850,False,True,True,,,126.48653406285575,-18077.863455095223,,False
11,nominal_seed_11,43,middle,leisure,leisure,transit,transit,D_0003774,D_0003638,False,True,False,0.7269155206286837,0.708403626571423,-82.65645425371986,-1746.7188035545405,-291.342876748211,True
11,nominal_seed_11,44,low,education,work,car,transit,D_0000438,D_0014282,True,True,True,0.008645533141210375,0.012123548893840406,-4415.830952722574,-5633.3406861084,,True
11,nominal_seed_11,45,middle,work,work,car,car,D_0020874,D_0020874,False,False,False,1.0,1.0000000000000004,0.0,0.0,,True
11,nominal_seed_11,46,middle,leisure,leisure,car,car,D_0003826,D_0003837,False,True,False,0.07009345794392523,0.10081273926609993,9293.798479667781,11274.704455408752,,True
11,nominal_seed_11,47,low,work,work,transit,transit,D_0013762,D_0013817,False,True,False,0.04,0.030081061896811558,-7564.317003971616,197.85691398295967,-655.8201605876493,True
11,nominal_seed_11,48,middle,shopping,shopping,walk,walk,D_0005187,D_0005187,False,False,False,1.0,1.0,0.0,0.0,,True
11,nominal_seed_11,49,middle,leisure,leisure,transit,transit,D_0002363,D_0002365,False,True,False,0.04040404040404041,0.047757465285622594,-351.66410127868767,-2196.238459252546,-194.30418250386697,True
11,nominal_seed_11,50,middle,work,work,car,car,D_0022651,D_0022651,False,False,False,1.0,1.0000000000000002,0.0,0.0,,True
11,nominal_seed_11,51,middle,leisure,leisure,car,car,D_0003220,D_0003220,False,False,False,1.0,1.0,0.0,0.0,,True
11,nominal_seed_11,52,middle,shopping,shopping,car,car,D_0008185,D_0008186,False,True,False,0.5,0.5837596101616465,3575.752868724853,4574.007102144996,,True
11,nominal_seed_11,53,middle,work,work,walk,walk,D_0010271,D_0010271,False,False,False,1.0,1.0,0.0,0.0,,True
11,nominal_seed_11,54,low,leisure,leisure,bike,bike,D_0002082,D_0002097,False,True,False,0.043478260869565216,0.04389383465159293,-4564.039317021736,-5745.374712802841,,True
11,nominal_seed_11,55,middle,work,work,car,car,D_0020285,D_0020285,False,False,False,1.0,1.0,0.0,0.0,,True
11,nominal_seed_11,56,middle,leisure,leisure,car,car,D_0003510,D_0003513,False,True,False,0.02247191011235955,0.016333665126851117,558.7253222151976,254.82755559967745,,True
11,nominal_seed_11,57,high,education,education,transit,car,D_0000317,D_0000315,False,True,True,0.0,0.0,-515.5899635667274,-1179.845609742234,,True
11,nominal_seed_11,58,low,work,work,transit,transit,D_0013022,D_0012973,False,True,False,0.5533980582524272,0.6440520063713077,-1180.8465640400127,-1977.2883385545174,-349.2416733788523,True
11,nominal_seed_11,59,middle,work,work,transit,transit,D_0010665,D_0010665,False,False,False,1.0,0.9999999999999997,0.0,0.0,0.0,True
11,nominal_seed_11,60,high,leisure,leisure,transit,transit,D_0002373,D_0002404,False,True,False,0.0,0.0,-3043.375886689869,-4364.574643040471,-500.4762134750015,True
11,nominal_seed_11,61,middle,leisure,leisure,walk,walk,D_0002038,D_0002038,False,False,False,1.0,1.0,0.0,0.0,,True
11,nominal_seed_11,62,high,work,work,car,car,D_0019139,D_0019237,False,True,False,0.0026595744680851063,0.002634138514317837,7108.995531395527,8945.530938774105,,True
11,nominal_seed_11,63,low,leisure,health,transit,transit,D_0003177,D_0001463,True,True,False,0.7391304347826086,0.785654260370581,706.6174231140012,413.4231880486359,-77.22540843091747,True
11,nominal_seed_11,64,middle,leisure,leisure,transit,transit,D_0002348,D_0002347,False,True,False,0.5761904761904761,0.5943870032876455,7.957765622846637,495.9938839616134,24.630047647744505,True
11,nominal_seed_11,65,low,work,work,car,transit,D_0017581,D_0017553,False,True,True,0.0,0.0,-1480.5447374103273,-2112.0983373122763,,True
11,nominal_seed_11,66,middle,work,work,transit,transit,D_0011440,D_0011442,False,True,False,0.7368421052631579,0.7346386729005369,1314.2925523102258,-4517.18023125274,-407.77906996454885,True
11,nominal_seed_11,67,middle,education,education,transit,transit,D_0000073,D_0000073,False,False,False,1.0,1.0000000000000007,0.0,0.0,0.0,True
11,nominal_seed_11,68,high,health,health,car,car,D_0001575,D_0001575,False,False,False,1.0,1.0,0.0,0.0,,True
11,nominal_seed_11,69,middle,work,work,car,car,D_0020258,D_0020259,False,True,False,0.03488372093023256,0.05725154902432269,-936.2598211119171,-916.0803997131438,,True
11,nominal_seed_11,70,middle,leisure,leisure,bike,bike,D_0002096,D_0002091,False,True,False,0.2623762376237624,0.28016584009197504,-38.68360350037801,122.27854205086987,,True
11,nominal_seed_11,71,low,work,work,car,car,D_0018643,D_0018611,False,True,False,0.20081967213114754,0.2047847046166603,9003.050482467508,10286.656455876928,,True
11,nominal_seed_11,72,middle,work,work,transit,transit,D_0011438,D_0011439,False,True,False,,,297.9485380790775,-211.56672400501702,-195.1190885750184,False
11,nominal_seed_11,73,middle,health,health,transit,transit,D_0001109,D_0001109,False,False,False,1.0,1.0000000000000007,0.0,0.0,0.0,True
11,nominal_seed_11,74,middle,leisure,leisure,bike,bike,D_0002047,D_0002046,False,True,False,0.5632911392405063,0.5395896167088329,4430.402807355143,4226.316767838548,,True
11,nominal_seed_11,75,low,work,work,transit,transit,D_0013418,D_0013502,False,True,False,0.26905829596412556,0.3194655520621821,2814.7217259626395,4262.877011420564,420.1190532254477,True
11,nominal_seed_11,76,high,health,leisure,car,car,D_0001721,D_0004167,True,True,False,0.0,0.0,14257.681557427315,15528.745963325699,,True
11,nominal_seed_11,77,middle,education,education,car,car,D_0000584,D_0000583,False,True,False,0.00997506234413965,0.006496232445231563,-8272.315824804195,-11700.455377803919,,True
11,nominal_seed_11,78,middle,shopping,shopping,car,car,D_0008979,D_0008974,False,True,False,0.42592592592592593,0.3694579183590575,5462.528337017298,9433.15055626558,,True
11,nominal_seed_11,79,low,shopping,shopping,transit,transit,D_0005909,D_0005868,False,True,False,0.2903225806451613,0.26250236660194576,1313.1013319177505,1732.8705157331233,620.9407923814142,True
11,nominal_seed_11,80,middle,shopping,shopping,transit,transit,D_0006315,D_0006322,False,True,False,,,-581.4539235740349,-777.5442412144512,-555.3887437246087,False
11,nominal_seed_11,81,middle,shopping,shopping,transit,transit,D_0006115,D_0006122,False,True,False,0.7569444444444444,0.7969966145072411,-247.36709348052318,-436.49571139832096,-37.473221227272006,True
11,nominal_seed_11,82,middle,shopping,shopping,car,car,D_0009730,D_0009733,False,True,False,0.01466275659824047,0.010361487820533073,-8718.286737344704,-11030.478078868482,,True
11,nominal_seed_11,83,middle,work,work,car,car,D_0021653,D_0021652,False,True,False,0.9852941176470589,0.9799051922458287,-74.30089187802832,-82.35809705711745,,True
11,nominal_seed_11,84,low,leisure,leisure,transit,transit,D_0002888,D_0002912,False,True,False,0.6636363636363637,0.6398637448594542,4428.8336209901645,5721.352627860675,1455.5707170110254,True
11,nominal_seed_11,85,middle,shopping,shopping,transit,car,D_0006795,D_0006796,False,True,True,0.011363636363636364,0.008051555742780003,-37.17680644594384,-1334.7380651867743,,True
11,nominal_seed_11,86,high,leisure,leisure,transit,car,D_0002861,D_0002875,False,True,True,0.0,0.0,-1128.0158047149034,-1967.2729566009648,,True
11,nominal_seed_11,87,middle,education,education,car,car,D_0000711,D_0000711,False,False,False,1.0,1.0000000000000004,0.0,0.0,,True
11,nominal_seed_11,88,middle,education,education,walk,walk,D_0000036,D_0000036,False,False,False,1.0,1.0000000000000004,0.0,0.0,,True
11,nominal_seed_11,89,low,education,education,transit,bike,D_0000070,D_0000071,False,True,True,,,-3220.6015944814226,-56145.95647993419,,False
11,nominal_seed_11,90,middle,leisure,leisure,transit,transit,D_0002960,D_0002973,False,True,False,,,1181.870182669505,24253.139679100994,849.8019281992276,False
11,nominal_seed_11,91,middle,work,work,transit,transit,D_0012750,D_0012749,False,True,False,0.010416666666666666,0.008230071831744745,-6227.915199385167,-7864.873509031596,-1040.6226546176367,True
11,nominal_seed_11,92,high,work,work,car,car,D_0019368,D_0019407,False,True,False,0.008928571428571428,0.008501592966858934,3709.937620945452,4303.600725173678,,True
11,nominal_seed_11,93,high,work,education,car,car,D_0017439,D_0000702,True,True,False,0.0,0.0,-10132.201147198279,-11902.858316359983,,True
11,nominal_seed_11,94,low,work,work,car,transit,D_0015112,D_0015104,False,True,True,0.05263157894736842,0.04203508052115376,-143.47663241201735,-24.62287498137448,,True
11,nominal_seed_11,95,middle,work,work,car,car,D_0017339,D_0017339,False,False,False,1.0,0.9999999999999999,0.0,0.0,,True
11,nominal_seed_11,96,high,shopping,shopping,car,car,D_0007717,D_0007906,False,True,False,0.022727272727272728,0.009215951522244125,1712.0760849124044,1877.9022142485182,,True
11,nominal_seed_11,97,high,work,work,car,car,D_0019005,D_0018966,False,True,False,0.11913357400722022,0.10660566766835046,6446.821781597607,8361.136616010643,,True
11,nominal_seed_11,98,low,health,shopping,car,car,D_0001929,D_0009368,True,True,False,0.0,0.0,-1075.678996055476,-672.6768807142635,,True
11,nominal_seed_11,99,low,shopping,shopping,transit,transit,D_0006091,D_0006567,False,True,False,,,-4627.72279819528,-40886.79748100897,-3238.6844524646986,False
11,nominal_seed_11,100,middle,education,education,car,car,D_0000641,D_0000640,False,True,False,0.0,0.0,4628.649239335831,5933.227770262996,,True
23,nominal_seed_23,1,high,work,work,car,car,D_0016430,D_0016550,False,True,False,0.2637795275590551,0.22013708553396968,-16595.966208634345,-20129.2151746716,,True
23,nominal_seed_23,2,middle,health,health,car,car,D_0001594,D_0001594,False,False,False,1.0,1.0,0.0,0.0,,True
23,nominal_seed_23,3,low,work,work,transit,transit,D_0010961,D_0010958,False,True,False,,,979.2226273790166,-839.9299868447415,-351.13018577610273,False
23,nominal_seed_23,4,middle,leisure,leisure,transit,transit,D_0002292,D_0002293,False,True,False,0.9514563106796117,0.9556103873191003,74.5838540387922,247.6277808200557,33.81484544283012,True
23,nominal_seed_23,5,high,leisure,leisure,car,car,D_0003587,D_0003732,False,True,False,0.0,0.0,-81.14772460579115,-594.4206489473547,,True
23,nominal_seed_23,6,low,leisure,leisure,car,transit,D_0004607,D_0004636,False,True,True,,,-7130.931435125827,138880.61183567956,,False
23,nominal_seed_23,7,low,shopping,shopping,transit,transit,D_0005872,D_0005874,False,True,False,,,397.4581775112779,-1672.1894700716293,-385.31815053643686,False
23,nominal_seed_23,8,middle,health,health,transit,transit,D_0001278,D_0001278,False,False,False,1.0,1.0,0.0,0.0,0.0,True
23,nominal_seed_23,9,high,education,education,car,car,D_0000702,D_0000706,False,True,False,0.0339943342776204,0.05732482319790492,5818.763043275513,5759.986835276992,,True
23,nominal_seed_23,10,high,work,work,car,car,D_0015070,D_0014963,False,True,False,0.3231707317073171,0.2889289914613838,508.6588183419299,-146.61788859409353,,True
23,nominal_seed_23,11,middle,work,work,transit,transit,D_0013762,D_0013762,False,False,False,1.0,1.0,0.0,0.0,0.0,True
23,nominal_seed_23,12,middle,leisure,leisure,transit,transit,D_0002901,D_0002902,False,True,False,0.9583333333333334,0.953895498407324,10.842265821757337,91.03761752202445,65.02686965858811,True
23,nominal_seed_23,13,middle,shopping,shopping,bike,bike,D_0005362,D_0005362,False,False,False,1.0,1.0,0.0,0.0,,True
23,nominal_seed_23,14,middle,work,work,car,car,D_0014141,D_0014143,False,True,False,0.2916666666666667,0.34671519540954615,-340.5709806594423,-235.0359790464663,,True
23,nominal_seed_23,15,high,shopping,shopping,transit,car,D_0006262,D_0006340,False,True,True,0.04326923076923077,0.043227060340211815,2934.875949896354,-9982.251715047318,,True
23,nominal_seed_23,16,low,work,work,car,transit,D_0014560,D_0014642,False,True,True,0.004807692307692308,0.005232067048702438,-2755.9250097273944,2739.849338946602,,True
23,nominal_seed_23,17,middle,work,work,car,car,D_0015310,D_0015310,False,False,False,1.0,1.0,0.0,0.0,,True
23,nominal_seed_23,18,middle,shopping,shopping,car,car,D_0007722,D_0007734,False,True,False,0.0625,0.05892074554546279,-425.93595465037106,423.543181028655,,True
23,nominal_seed_23,19,middle,education,education,car,car,D_0000680,D_0000680,False,False,False,1.0,1.0,0.0,0.0,,True
23,nominal_seed_23,20,middle,leisure,leisure,car,car,D_0004127,D_0004135,False,True,False,0.65,0.7321014171553623,-768.6855967255105,484.2726848887087,,True
23,nominal_seed_23,21,middle,education,education,walk,walk,D_0000013,D_0000013,False,False,False,1.0,1.0,0.0,0.0,,True
23,nominal_seed_23,22,high,education,education,car,car,D_0000559,D_0000575,False,True,False,0.025806451612903226,0.017617557857879152,-624.140254152876,-952.933207768564,,True
23,nominal_seed_23,23,low,shopping,education,car,transit,D_0007219,D_0000486,True,True,True,,,-778.9830137672125,144329.895789375,,False
23,nominal_seed_23,24,middle,shopping,shopping,car,car,D_0008870,D_0008877,False,True,False,0.019417475728155338,0.017741916300968896,-10005.43377761152,-12992.803883185952,,True
23,nominal_seed_23,25,middle,work,work,car,car,D_0021333,D_0021333,False,False,False,1.0,1.0000000000000004,0.0,0.0,,True
23,nominal_seed_23,26,low,work,work,walk,walk,D_0009991,D_0009988,False,True,False,0.10714285714285714,0.0851935433725189,-441.1708678940015,-629.6228490838339,,True
23,nominal_seed_23,27,high,work,education,car,car,D_0018905,D_0000804,True,True,False,0.2620689655172414,0.180816631028235,-2899.003762579036,-3834.5293308663304,,True
23,nominal_seed_23,28,middle,education,education,transit,transit,D_0000208,D_0000208,False,False,False,1.0,1.0,0.0,0.0,0.0,True
23,nominal_seed_23,29,middle,shopping,shopping,car,car,D_0007522,D_0007524,False,True,False,0.9882352941176471,0.9855200605703139,-44.44173346918706,-84.19438951530537,,True
23,nominal_seed_23,30,middle,leisure,leisure,car,car,D_0004507,D_0004500,False,True,False,0.6509433962264151,0.6452544999781455,725.3488957735135,219.30705119084996,,True
23,nominal_seed_23,31,middle,health,health,car,car,D_0001841,D_0001841,False,False,False,1.0,1.0,0.0,0.0,,True
23,nominal_seed_23,32,middle,shopping,shopping,car,car,D_0009647,D_0009642,False,True,False,0.0,0.0,8636.947466339067,11015.743081464985,,True
23,nominal_seed_23,33,middle,work,work,car,car,D_0017553,D_0017547,False,True,False,0.11087420042643924,0.15041365673739143,-9703.81124080472,-12035.130444326103,,True
23,nominal_seed_23,34,high,leisure,leisure,car,car,D_0004631,D_0004621,False,True,False,0.005597014925373134,0.01841350954352029,3524.3885362640212,4674.648878191107,,True
23,nominal_seed_23,35,high,health,health,transit,car,D_0001466,D_0001477,False,True,True,,,2285.8810944471356,-11352.198188162261,,False
23,nominal_seed_23,36,high,education,shopping,transit,car,D_0000201,D_0006061,True,True,True,0.0031446540880503146,0.0013385194542733792,-1580.3221758931295,-5578.084783104168,,True
23,nominal_seed_23,37,high,work,work,bike,transit,D_0011096,D_0011117,False,True,True,0.0,0.0,398.296114861196,1571.8269316222768,,True
23,nominal_seed_23,38,high,work,work,car,car,D_0014309,D_0014371,False,True,False,0.29411764705882354,0.3150277362483541,-386.50444771252387,-1362.1245598216756,,True
23,nominal_seed_23,39,middle,work,work,car,car,D_0017588,D_0017589,False,True,False,0.08333333333333333,0.05280037663542417,-5267.241436903055,-6373.81446757569,,True
23,nominal_seed_23,40,low,shopping,education,transit,transit,D_0006808,D_0000407,True,True,False,0.22188449848024316,0.23823497948086286,7994.247021898232,13272.723557821739,1976.820402852296,True
23,nominal_seed_23,41,middle,leisure,leisure,car,car,D_0003824,D_0003835,False,True,False,0.02617801047120419,0.027224802017910193,2390.090319641812,2191.7062719155147,,True
23,nominal_seed_23,42,middle,shopping,shopping,transit,transit,D_0005874,D_0005818,False,True,False,0.5096774193548387,0.5126044259136996,1698.3619441667106,8562.448239932102,1026.9307483733064,True
23,nominal_seed_23,43,low,leisure,health,car,car,D_0004965,D_0001980,True,True,False,0.05687203791469194,0.13009370041689117,-1208.9991016974145,-1464.3630240553175,,True
23,nominal_seed_23,44,high,shopping,health,transit,car,D_0007125,D_0001484,True,True,True,0.0,0.0,7480.237870397594,8302.607774158885,,True
23,nominal_seed_23,45,low,work,work,car,car,D_0019083,D_0019028,False,True,False,0.27483443708609273,0.22691931383390535,2183.8163166840277,4972.04737420112,,True
23,nominal_seed_23,46,middle,work,work,car,car,D_0017417,D_0017417,False,False,False,1.0,1.0,0.0,0.0,,True
23,nominal_seed_23,47,middle,leisure,leisure,car,car,D_0004245,D_0004246,False,True,False,0.013333333333333334,0.002376486474957554,-647.3758895920473,-470.77715675581203,,True
23,nominal_seed_23,48,middle,shopping,shopping,transit,transit,D_0006591,D_0006598,False,True,False,0.0,0.0,7370.029028208255,9784.73962531843,1153.721273719181,True
23,nominal_seed_23,49,middle,work,work,transit,transit,D_0010827,D_0010827,False,False,False,1.0,0.9999999999999992,0.0,0.0,0.0,True
23,nominal_seed_23,50,middle,leisure,leisure,transit,transit,D_0003166,D_0003169,False,True,False,0.801980198019802,0.6990649744601227,679.5777421207972,788.5216467549308,211.2978605573228,True
23,nominal_seed_23,51,middle,education,education,transit,transit,D_0000287,D_0000287,False,False,False,1.0,0.9999999999999998,0.0,0.0,0.0,True
23,nominal_seed_23,52,low,shopping,shopping,transit,transit,D_0006687,D_0006638,False,True,False,0.17037037037037037,0.14782003310109135,-4374.995386375135,-4696.162235961608,-845.4205528291204,True
23,nominal_seed_23,53,middle,education,education,car,car,D_0001006,D_0001006,False,False,False,1.0,1.0000000000000004,0.0,0.0,,True
23,nominal_seed_23,54,middle,leisure,leisure,transit,transit,D_0002843,D_0002844,False,True,False,0.796875,0.8808691655102717,-192.34314721314468,237.3621412941102,169.54438663864858,True
23,nominal_seed_23,55,middle,work,work,car,car,D_0018388,D_0018390,False,True,False,0.8523489932885906,0.9203412133041338,146.1409941996808,650.5040108860358,,True
23,nominal_seed_23,56,middle,work,work,transit,transit,D_0011174,D_0011174,False,False,False,1.0,1.0,0.0,0.0,0.0,True
23,nominal_seed_23,57,middle,education,education,car,car,D_0000500,D_0000502,False,True,False,0.0,0.0,5992.59612786238,5867.67297767874,,True
23,nominal_seed_23,58,middle,education,education,transit,transit,D_0000297,D_0000298,False,True,False,0.9904761904761905,0.9805092285089879,-54.054238126371274,124.90017201066075,89.21440857904236,True
23,nominal_seed_23,59,high,health,leisure,transit,car,D_0001269,D_0002646,True,True,True,0.0,0.0,7301.482618022937,6478.955344993691,,True
23,nominal_seed_23,60,middle,shopping,shopping,transit,transit,D_0006580,D_0006598,False,True,False,0.0,0.0,1028.8240582854678,-1033.6385162942988,-1546.8534101717305,True
23,nominal_seed_23,61,middle,shopping,shopping,car,car,D_0009398,D_0009405,False,True,False,0.0,0.0,704.0296566179777,694.4849108348408,,True
23,nominal_seed_23,62,middle,shopping,shopping,car,car,D_0008024,D_0008014,False,True,False,0.0,0.0,1930.9298536033598,2777.271571474931,,True
23,nominal_seed_23,63,middle,health,health,car,car,D_0001489,D_0001489,False,False,False,1.0,0.9999999999999997,0.0,0.0,,True
23,nominal_seed_23,64,middle,leisure,leisure,car,car,D_0004551,D_0004538,False,True,False,0.15950920245398773,0.12985155571412652,-4249.076733500966,-5865.597894122874,,True
23,nominal_seed_23,65,middle,work,work,car,car,D_0014378,D_0014380,False,True,False,0.014285714285714285,0.017498554897102368,6240.833441968507,6726.578566265818,,True
23,nominal_seed_23,66,high,shopping,shopping,bike,bike,D_0005478,D_0005518,False,True,False,0.39285714285714285,0.30101022055273796,-1245.4259274754609,-1401.1218429199612,,True
23,nominal_seed_23,67,low,education,work,transit,transit,D_0000131,D_0010995,True,True,False,0.671875,0.6009499729194249,1465.5609781999538,3451.6972085443376,701.0248556323709,True
23,nominal_seed_23,68,low,work,work,car,transit,D_0017717,D_0017717,False,False,True,0.0,0.0,0.0,1703.7998569076744,,True
23,nominal_seed_23,69,middle,work,work,transit,transit,D_0014053,D_0014053,False,False,False,1.0,0.9999999999999999,0.0,0.0,0.0,True
23,nominal_seed_23,70,low,education,education,transit,transit,D_0000210,D_0000212,False,True,False,0.6741573033707865,0.7485572836100347,259.5205156799693,792.2297631435922,47.49998791404482,True
23,nominal_seed_23,71,middle,work,work,car,car,D_0021810,D_0021811,False,True,False,0.0030211480362537764,0.0027935669357713228,2008.4005927274984,1744.8086139316256,,True
23,nominal_seed_23,72,low,work,work,transit,transit,D_0012965,D_0012987,False,True,False,0.9235294117647059,0.9437073555249589,-902.1470466089122,1139.5754946316993,202.29140080869547,True
23,nominal_seed_23,73,low,work,work,car,transit,D_0019702,D_0019786,False,True,True,0.000999000999000999,0.002133086488513932,915.7786730785847,38894.42388616493,,True
23,nominal_seed_23,74,low,education,work,transit,transit,D_0000296,D_0013162,True,True,False,0.16279069767441862,0.1616334276502757,6529.904382493163,9534.054997523916,1614.8901536647318,True
23,nominal_seed_23,75,middle,shopping,shopping,car,car,D_0008313,D_0008317,False,True,False,0.7,0.7576787171157522,463.8252140231259,509.82235193422343,,True
23,nominal_seed_23,76,high,work,work,car,car,D_0014589,D_0014626,False,True,False,0.0,0.0,-1145.872349031425,-1067.5322051551966,,True
23,nominal_seed_23,77,middle,work,work,bike,bike,D_0010161,D_0010161,False,False,False,1.0,1.0,0.0,0.0,,True
23,nominal_seed_23,78,middle,leisure,leisure,car,car,D_0004262,D_0004254,False,True,False,0.00881057268722467,0.0063429434463425785,2898.9110297073803,3250.6075845681244,,True
23,nominal_seed_23,79,middle,work,work,transit,transit,D_0013418,D_0013417,False,True,False,1.0,1.0,94.7293034139102,-99.21547196667234,-70.86819426190777,True
23,nominal_seed_23,80,middle,work,work,transit,transit,D_0013886,D_0013886,False,False,False,1.0,1.0,0.0,0.0,0.0,True
23,nominal_seed_23,81,low,health,shopping,car,transit,D_0001662,D_0007665,True,True,True,0.06666666666666667,0.056701184360895954,6548.092147721524,22531.34373208624,,True
23,nominal_seed_23,82,middle,work,work,car,car,D_0022649,D_0022649,False,False,False,1.0,1.0,0.0,0.0,,True
23,nominal_seed_23,83,low,work,work,car,transit,D_0014165,D_0014150,False,True,True,0.0,0.0,-518.4551553255278,1924.635623511138,,True
23,nominal_seed_23,84,high,leisure,leisure,car,car,D_0003680,D_0003847,False,True,False,0.39285714285714285,0.42905396330424594,-2077.4125257576015,-2924.6973766638966,,True
23,nominal_seed_23,85,middle,shopping,shopping,transit,transit,D_0006895,D_0006913,False,True,False,0.0,0.0,-3660.8232375855973,-7822.774263066089,-2075.140540223143,True
23,nominal_seed_23,86,low,leisure,health,car,transit,D_0003715,D_0001621,True,True,True,0.012345679012345678,0.014788406590184988,2338.9720625174145,4000.7243290196625,,True
23,nominal_seed_23,87,middle,work,work,transit,transit,D_0011122,D_0011123,False,True,False,0.9915966386554622,0.9899801525017392,85.66310837273795,-95.2550298428996,-68.0393070306418,True
23,nominal_seed_23,88,middle,education,education,car,car,D_0001006,D_0001006,False,False,False,1.0,1.0,0.0,0.0,,True
23,nominal_seed_23,89,middle,health,health,transit,transit,D_0001146,D_0001146,False,False,False,1.0,0.9999999999999998,0.0,0.0,0.0,True
23,nominal_seed_23,90,middle,work,work,car,car,D_0016957,D_0016958,False,True,False,0.004761904761904762,0.0006245942202978245,6305.105975441246,7651.246981398501,,True
23,nominal_seed_23,91,high,shopping,shopping,transit,bike,D_0005350,D_0005359,False,True,True,0.00625,0.01151142013129272,-13315.457678186733,-23278.375962235918,,True
23,nominal_seed_23,92,middle,work,work,bike,bike,D_0010596,D_0010596,False,False,False,1.0,0.9999999999999993,0.0,0.0,,True
23,nominal_seed_23,93,middle,work,work,car,car,D_0019858,D_0019859,False,True,False,0.9931506849315068,0.9929045157693706,117.08651932263456,-86.88097850101258,,True
23,nominal_seed_23,94,middle,work,work,car,car,D_0017667,D_0017668,False,True,False,0.6151603498542274,0.6374477243037044,-688.6752393133065,-1019.1408491169059,,True
23,nominal_seed_23,95,low,health,shopping,transit,transit,D_0001094,D_0005655,True,True,False,0.4484536082474227,0.3562334775664121,1325.1200821156863,6498.457251122888,1389.1188462045611,True
23,nominal_seed_23,96,middle,health,health,transit,transit,D_0001282,D_0001282,False,False,False,1.0,1.0000000000000002,0.0,0.0,0.0,True
23,nominal_seed_23,97,middle,leisure,leisure,bike,bike,D_0002222,D_0002220,False,True,False,0.8974358974358975,0.9081347108725812,-571.9193039798365,-449.6177548106589,,True
23,nominal_seed_23,98,low,leisure,leisure,car,car,D_0004923,D_0004953,False,True,False,0.5701357466063348,0.644675728509905,-2645.8352941038574,-2695.9883001215894,,True
23,nominal_seed_23,99,middle,education,education,car,car,D_0000828,D_0000828,False,False,False,1.0,0.9999999999999998,0.0,0.0,,True
23,nominal_seed_23,100,middle,leisure,leisure,car,car,D_0004212,D_0004218,False,True,False,0.0,0.0,157.33928378195014,607.1585582871112,,True
42,nominal_seed_42,1,middle,shopping,shopping,car,car,D_0008349,D_0008357,False,True,False,0.002976190476190476,0.0028041489835635984,10805.261394424422,13970.726566725834,,True
42,nominal_seed_42,2,middle,shopping,shopping,transit,transit,D_0006801,D_0006806,False,True,False,0.5030674846625767,0.45607419540509786,-912.8438018762745,-3968.3457566729157,-468.60350116406016,True
42,nominal_seed_42,3,middle,leisure,leisure,car,car,D_0004575,D_0004575,False,False,False,1.0,1.0,0.0,0.0,,True
42,nominal_seed_42,4,low,health,shopping,car,transit,D_0001649,D_0007843,True,True,True,0.00546448087431694,0.005241742320427627,-1909.6319263300984,-1390.1213492188235,,True
42,nominal_seed_42,5,middle,education,education,bike,bike,D_0000086,D_0000086,False,False,False,1.0,1.0,0.0,0.0,,True
42,nominal_seed_42,6,middle,shopping,shopping,car,car,D_0009751,D_0009751,False,False,False,1.0,1.0,0.0,0.0,,True
42,nominal_seed_42,7,middle,education,education,car,car,D_0000721,D_0000722,False,True,False,0.8724489795918368,0.8557183494725804,-1089.7078504206092,-1369.695632897914,,True
42,nominal_seed_42,8,middle,work,work,car,car,D_0018614,D_0018614,False,False,False,1.0,1.0,0.0,0.0,,True
42,nominal_seed_42,9,high,shopping,shopping,bike,transit,D_0005514,D_0005577,False,True,True,0.006535947712418301,0.008064951183622751,1424.5053296272126,3929.639469140082,,True
42,nominal_seed_42,10,middle,work,work,transit,transit,D_0014060,D_0014060,False,False,False,1.0,1.0,0.0,0.0,0.0,True
42,nominal_seed_42,11,low,education,education,transit,transit,D_0000394,D_0000403,False,True,False,0.13486842105263158,0.17700739327559004,-1662.5354779786012,-6662.49706106797,-861.191140365383,True
42,nominal_seed_42,12,middle,education,education,car,car,D_0000921,D_0000921,False,False,False,1.0,1.0,0.0,0.0,,True
42,nominal_seed_42,13,middle,shopping,shopping,car,car,D_0007591,D_0007613,False,True,False,0.05042016806722689,0.04659414822361824,364.72154314033105,480.65751040410214,,True
42,nominal_seed_42,14,middle,work,work,car,car,D_0019045,D_0019048,False,True,False,0.9692982456140351,0.9644443700080998,-527.0160778942682,-336.98666731604135,,True
42,nominal_seed_42,15,middle,health,health,car,car,D_0001441,D_0001442,False,True,False,0.56,0.5714305894154887,-398.25469685672397,-526.6804703498747,,True
42,nominal_seed_42,16,high,health,leisure,transit,transit,D_0001268,D_0002629,True,True,False,0.2975206611570248,0.21478485056182484,-1284.1519184086137,-3230.592851623891,-699.3648820854571,True
42,nominal_seed_42,17,middle,education,education,car,car,D_0000486,D_0000487,False,True,False,0.42105263157894735,0.40605179598227586,-677.7606135432834,-380.0556743117222,,True
42,nominal_seed_42,18,middle,leisure,leisure,transit,bike,D_0002182,D_0002182,False,False,True,0.035398230088495575,0.034587869195424815,0.0,-2254.784905110455,,True
42,nominal_seed_42,19,low,health,shopping,car,car,D_0001827,D_0009067,True,True,False,0.0030959752321981426,0.004066363422412325,-1898.4852724217144,302.0006410172009,,True
42,nominal_seed_42,20,high,work,work,car,car,D_0016704,D_0016676,False,True,False,0.0962962962962963,0.07883056568755097,-1627.5287161826136,-1771.693842069968,,True
42,nominal_seed_42,21,high,shopping,shopping,car,car,D_0008462,D_0008506,False,True,False,0.0,0.0,-5221.181850421022,-7132.879122748187,,True
42,nominal_seed_42,22,middle,shopping,shopping,transit,transit,D_0006484,D_0006491,False,True,False,0.02962962962962963,0.035099856329338285,-1026.2900153894252,1006.4653336773008,-10.30142831404737,True
42,nominal_seed_42,23,middle,work,work,car,car,D_0021986,D_0021987,False,True,False,0.06153846153846154,0.047349917408394886,8438.231812850823,9594.7747585009,,True
42,nominal_seed_42,24,middle,education,education,car,car,D_0000927,D_0000927,False,False,False,1.0,1.0000000000000002,0.0,0.0,,True
42,nominal_seed_42,25,low,leisure,leisure,car,transit,D_0004533,D_0004563,False,True,True,0.016260162601626018,0.012633700324629174,-1054.7498781564263,-2057.171800787601,,True
42,nominal_seed_42,26,middle,education,education,transit,transit,D_0000160,D_0000160,False,False,False,1.0,1.0,0.0,0.0,0.0,True
42,nominal_seed_42,27,middle,work,work,transit,transit,D_0014259,D_0014259,False,False,False,1.0,1.0,0.0,0.0,0.0,True
42,nominal_seed_42,28,middle,work,work,bike,bike,D_0010202,D_0010203,False,True,False,0.9893617021276596,0.9774692680353364,-2.245441696953094,148.99918573023115,,True
42,nominal_seed_42,29,middle,leisure,leisure,transit,transit,D_0002479,D_0002466,False,True,False,0.8010610079575596,0.8367291955516377,599.9311925919956,-3676.8267235417916,-121.88980672643083,True
42,nominal_seed_42,30,middle,work,work,car,car,D_0017153,D_0017153,False,False,False,1.0,1.0000000000000002,0.0,0.0,,True
42,nominal_seed_42,31,middle,work,work,car,car,D_0017698,D_0017698,False,False,False,1.0,1.0,0.0,0.0,,True
42,nominal_seed_42,32,low,shopping,education,car,car,D_0009757,D_0000983,True,True,False,0.039603960396039604,0.023529593814254166,-6161.008565513957,-8295.53440492851,,True
42,nominal_seed_42,33,high,education,shopping,transit,car,D_0000271,D_0006422,True,True,True,0.0,0.0,253.19253555449723,-1425.239223548515,,True
42,nominal_seed_42,34,middle,work,work,transit,transit,D_0013383,D_0013383,False,False,False,1.0,0.9999999999999999,0.0,0.0,0.0,True
42,nominal_seed_42,35,low,shopping,shopping,car,transit,D_0007507,D_0007917,False,True,True,0.04509283819628647,0.04838219850658473,-6753.089559715529,-3661.2784905395947,,True
42,nominal_seed_42,36,middle,education,education,transit,transit,D_0000170,D_0000170,False,False,False,1.0,1.0,0.0,0.0,0.0,True
42,nominal_seed_42,37,middle,leisure,leisure,bike,bike,D_0002320,D_0002321,False,True,False,0.7333333333333333,0.8520431170730536,-5.141604502912742,2.641503546622971,,True
42,nominal_seed_42,38,middle,shopping,shopping,transit,transit,D_0006812,D_0006813,False,True,False,0.6153846153846154,0.5601739311971361,-88.1494957109652,-164.1724553415279,30.50743119307299,True
42,nominal_seed_42,39,low,work,work,transit,transit,D_0012174,D_0012169,False,True,False,0.49295774647887325,0.5739919956244331,-388.38914711661073,811.1681966603837,708.3920877914829,True
42,nominal_seed_42,40,middle,work,work,car,car,D_0017091,D_0017091,False,False,False,1.0,0.9999999999999996,0.0,0.0,,True
42,nominal_seed_42,41,high,work,work,transit,car,D_0013878,D_0013887,False,True,True,0.0,0.0,-311.658674918767,-761.847344187895,,True
42,nominal_seed_42,42,middle,work,work,car,car,D_0019946,D_0019945,False,True,False,0.9746835443037974,0.955518451454679,480.1318932995455,-586.4260274709632,,True
42,nominal_seed_42,43,high,education,education,car,car,D_0000657,D_0000671,False,True,False,0.0029411764705882353,0.008770045418930688,-3755.503549975616,-5005.033801070633,,True
42,nominal_seed_42,44,low,work,work,transit,transit,D_0013164,D_0013163,False,True,False,0.9794520547945206,0.9691960814118638,37.78659948225322,-90.28897466750641,-64.49212476250659,True
42,nominal_seed_42,45,middle,health,health,car,car,D_0001828,D_0001828,False,False,False,1.0,1.0,0.0,0.0,,True
42,nominal_seed_42,46,low,education,work,car,transit,D_0000765,D_0018575,True,True,True,0.003105590062111801,0.0030770512360021045,-1941.5441735917511,-433.25279040182613,,True
42,nominal_seed_42,47,high,leisure,leisure,car,car,D_0003417,D_0003210,False,True,False,0.15170278637770898,0.1496887323951413,-5826.892556868915,-8206.055805621785,,True
42,nominal_seed_42,48,high,work,work,transit,car,D_0012897,D_0012918,False,True,True,0.0,0.0,458.6454274723246,-5537.639112791873,,True
42,nominal_seed_42,49,middle,leisure,leisure,car,car,D_0003726,D_0003732,False,True,False,0.0,0.0,535.5453968118095,713.3304841605423,,True
42,nominal_seed_42,50,low,work,work,transit,transit,D_0011030,D_0011022,False,True,False,0.10335195530726257,0.07997715507891931,-615.414550744812,-18675.188921999514,130.01280970228618,True
42,nominal_seed_42,51,high,health,health,transit,car,D_0001212,D_0001215,False,True,True,0.025477707006369428,0.07230472302838309,2480.310727643818,-1135.066250160592,,True
42,nominal_seed_42,52,high,work,education,walk,walk,D_0009955,D_0000007,True,True,False,0.020202020202020204,0.023805818140606755,-569.153821849281,-856.5050772042528,,True
42,nominal_seed_42,53,low,work,work,car,transit,D_0018568,D_0018520,False,True,True,0.0,0.0,6094.315029866829,13533.18743104835,,True
42,nominal_seed_42,54,high,shopping,health,car,car,D_0007684,D_0001613,True,True,False,0.0,0.0,2323.676067560242,3677.9460059313224,,True
42,nominal_seed_42,55,middle,work,work,car,car,D_0016940,D_0016940,False,False,False,1.0,1.0000000000000002,0.0,0.0,,True
42,nominal_seed_42,56,middle,leisure,leisure,car,car,D_0004158,D_0004165,False,True,False,0.8,0.7378751619431578,-184.8060884248241,-780.3416611173084,,True
42,nominal_seed_42,57,middle,work,work,car,car,D_0014085,D_0014086,False,True,False,0.9918032786885246,0.9914950851527415,-125.11513846681373,-123.21363024212951,,True
42,nominal_seed_42,58,middle,work,work,transit,transit,D_0014968,D_0014970,False,True,False,0.6818181818181818,0.7343087165053702,-0.08110179016966867,-6.979410585548521,-4.985293275393019,True
42,nominal_seed_42,59,middle,work,work,transit,transit,D_0011048,D_0011048,False,False,False,1.0,1.0,0.0,0.0,0.0,True
42,nominal_seed_42,60,high,leisure,leisure,bike,bike,D_0002247,D_0002283,False,True,False,0.4074074074074074,0.31979466389130096,-1685.059745669761,-1666.29049942347,,True
42,nominal_seed_42,61,middle,work,work,car,car,D_0016259,D_0016259,False,False,False,1.0,1.0,0.0,0.0,,True
42,nominal_seed_42,62,low,leisure,health,car,transit,D_0003300,D_0001464,True,True,True,0.0,0.0,914.6452449572771,2300.7940909516365,,True
42,nominal_seed_42,63,middle,leisure,leisure,car,car,D_0003398,D_0003401,False,True,False,0.21296296296296297,0.2843393501300318,-6.08354392756155,68.86199391083755,,True
42,nominal_seed_42,64,middle,shopping,shopping,car,car,D_0008307,D_0008308,False,True,False,0.0,0.0,-1173.5702330076165,-1214.710964030447,,True
42,nominal_seed_42,65,middle,shopping,shopping,car,car,D_0008536,D_0008523,False,True,False,0.6,0.7420764929042862,368.58096938465906,776.9669139863818,,True
42,nominal_seed_42,66,low,work,work,car,transit,D_0014857,D_0014805,False,True,True,0.0,0.0,9151.86841741559,30701.226511256216,,True
42,nominal_seed_42,67,middle,education,education,car,car,D_0000507,D_0000508,False,True,False,0.0,0.0,1028.5953842575855,1799.402253984912,,True
42,nominal_seed_42,68,middle,shopping,shopping,transit,transit,D_0006135,D_0006146,False,True,False,,,-348.585853812453,-33524.30537847509,71.66205456831813,False
42,nominal_seed_42,69,middle,leisure,leisure,bike,bike,D_0002056,D_0002058,False,True,False,0.3786407766990291,0.4461939946457922,-589.2364418666275,-454.82782264725574,,True
42,nominal_seed_42,70,low,shopping,education,transit,transit,D_0006907,D_0000383,True,True,False,0.0,0.0,5072.521906544296,6793.541449136201,1123.4669491569148,True
42,nominal_seed_42,71,middle,work,work,transit,transit,D_0011667,D_0011669,False,True,False,,,-1020.4242047371263,-28401.37921602302,10.131701493191485,False
42,nominal_seed_42,72,high,shopping,shopping,transit,car,D_0006668,D_0006697,False,True,True,0.0,0.0,1993.8931647632426,2243.0021834644785,,True
42,nominal_seed_42,73,middle,work,work,car,car,D_0019596,D_0019597,False,True,False,0.8099173553719008,0.8389764718102427,25.908066477661123,-36.91656989904186,,True
42,nominal_seed_42,74,middle,shopping,shopping,transit,transit,D_0006200,D_0006195,False,True,False,0.8055555555555556,0.87976980702811,445.98077504917273,625.7039880585871,100.0595758641648,True
42,nominal_seed_42,75,middle,leisure,leisure,bike,bike,D_0002114,D_0002115,False,True,False,0.21621621621621623,0.25390599121877633,-354.1910245752151,-708.3962772789596,,True
42,nominal_seed_42,76,middle,work,work,transit,transit,D_0012770,D_0012770,False,False,False,1.0,0.9999999999999998,0.0,0.0,0.0,True
42,nominal_seed_42,77,middle,health,health,transit,transit,D_0001341,D_0001341,False,False,False,1.0,1.0,0.0,0.0,0.0,True
42,nominal_seed_42,78,high,leisure,leisure,car,car,D_0003591,D_0003758,False,True,False,0.0,0.0,-275.2603708105894,-687.9080328958294,,True
42,nominal_seed_42,79,high,work,work,car,car,D_0015436,D_0015448,False,True,False,0.33146067415730335,0.3391421232952774,52.395313271971645,-182.53213358645007,,True
42,nominal_seed_42,80,middle,health,health,car,car,D_0001772,D_0001772,False,False,False,1.0,1.0,0.0,0.0,,True
42,nominal_seed_42,81,middle,health,health,car,car,D_0001625,D_0001625,False,False,False,1.0,0.9999999999999998,0.0,0.0,,True
42,nominal_seed_42,82,low,leisure,leisure,transit,transit,D_0003100,D_0003125,False,True,False,0.0,0.0,-4129.926775796337,-13008.499367638087,-1309.2457133401874,True
42,nominal_seed_42,83,high,work,work,car,car,D_0019543,D_0019512,False,True,False,0.0,0.0,9155.72503188915,9937.688421561716,,True
42,nominal_seed_42,84,low,work,work,transit,transit,D_0011269,D_0011254,False,True,False,0.8055555555555556,0.775188865827709,414.00820070449663,1633.3699444645863,204.35169956232903,True
42,nominal_seed_42,85,high,education,education,bike,bike,D_0000016,D_0000018,False,True,False,0.6538461538461539,0.7543284241715043,2021.4552255466788,2234.5563286287625,,True
42,nominal_seed_42,86,middle,leisure,leisure,transit,transit,D_0002284,D_0002280,False,True,False,0.9179487179487179,0.8604982476607906,-426.52201989307287,-125.81077303834718,-89.86483788453506,True
42,nominal_seed_42,87,middle,health,health,car,car,D_0001673,D_0001673,False,False,False,1.0,1.0,0.0,0.0,,True
42,nominal_seed_42,88,low,work,work,transit,transit,D_0014261,D_0014236,False,True,False,0.44565217391304346,0.39619445903390904,1146.2528925797342,2097.0460247205274,303.6511498351904,True
42,nominal_seed_42,89,middle,work,work,transit,transit,D_0011218,D_0011218,False,False,False,1.0,1.0,0.0,0.0,0.0,True
42,nominal_seed_42,90,middle,shopping,shopping,car,car,D_0007004,D_0007010,False,True,False,0.26635514018691586,0.22732498570765927,1038.2946828154927,1093.5860059877323,,True
42,nominal_seed_42,91,middle,education,education,transit,transit,D_0000144,D_0000144,False,False,False,1.0,0.9999999999999996,0.0,0.0,0.0,True
42,nominal_seed_42,92,low,leisure,health,car,transit,D_0004235,D_0001694,True,True,True,0.10247349823321555,0.11958613858321879,-10858.475920513978,-8397.269504921322,,True
42,nominal_seed_42,93,middle,work,work,transit,transit,D_0013942,D_0013942,False,False,False,1.0,1.0,0.0,0.0,0.0,True
42,nominal_seed_42,94,low,work,work,car,transit,D_0013553,D_0013472,False,True,True,0.016666666666666666,0.008502854384917193,-6825.335728493888,-7057.008990369179,,True
42,nominal_seed_42,95,low,shopping,shopping,transit,transit,D_0006156,D_0006085,False,True,False,0.04961832061068702,0.06251778886313292,-6170.522849443767,-9445.40281782197,-2402.915036603139,True
42,nominal_seed_42,96,middle,shopping,shopping,car,car,D_0007757,D_0007773,False,True,False,0.29515418502202645,0.21370118033850505,6165.363370069781,8130.581546878804,,True
42,nominal_seed_42,97,middle,work,work,transit,transit,D_0013318,D_0013320,False,True,False,0.9827586206896551,0.9615632675977078,151.50824617918988,261.03046292377894,186.4503306598417,True
42,nominal_seed_42,98,middle,leisure,leisure,bike,bike,D_0002218,D_0002219,False,True,False,0.9459459459459459,0.9401719315585518,-63.125864896227085,95.45809125877167,,True
42,nominal_seed_42,99,middle,leisure,leisure,transit,transit,D_0002295,D_0002296,False,True,False,,,-617.9212139571846,-984.2144042879299,-346.9561220053147,False
42,nominal_seed_42,100,low,education,work,car,car,D_0000965,D_0021761,True,True,False,0.0045662100456621,0.0002741058646024758,-912.9955232522534,-1254.9555847826523,,True
73,nominal_seed_73,1,middle,work,work,transit,transit,D_0016392,D_0016389,False,True,False,0.75,0.5701748016661812,569.5236570525109,-454.32142992012837,-132.8562932317982,True
73,nominal_seed_73,2,middle,work,work,transit,transit,D_0012955,D_0012956,False,True,False,0.7560975609756098,0.7236711392315158,-261.66540756608447,-1135.1582486437428,-810.827320459815,True
73,nominal_seed_73,3,low,leisure,health,transit,transit,D_0002756,D_0001329,True,True,False,0.759656652360515,0.6600815931898444,743.7044919562122,506.63515390676184,-743.1003159812212,True
73,nominal_seed_73,4,middle,education,education,car,car,D_0000999,D_0000999,False,False,False,1.0,0.9999999999999999,0.0,0.0,,True
73,nominal_seed_73,5,low,leisure,health,transit,transit,D_0003006,D_0001276,True,True,False,0.6484149855907781,0.6133950003450525,3552.6128476275535,6507.441650355926,583.0553838860537,True
73,nominal_seed_73,6,middle,work,work,bike,bike,D_0010162,D_0010162,False,False,False,1.0,1.0000000000000002,0.0,0.0,,True
73,nominal_seed_73,7,low,leisure,leisure,car,car,D_0004545,D_0004510,False,True,False,0.016666666666666666,0.018919090998797638,-1535.6717954910946,-1141.7896106357894,,True
73,nominal_seed_73,8,high,education,education,transit,transit,D_0000145,D_0000151,False,True,False,,,913.6815293337431,-143.2111555655447,359.3117154505853,False
73,nominal_seed_73,9,middle,education,education,car,car,D_0000819,D_0000819,False,False,False,1.0,1.0,0.0,0.0,,True
73,nominal_seed_73,10,middle,leisure,leisure,car,car,D_0004151,D_0004152,False,True,False,0.4180790960451977,0.3365063740109567,670.8527983603435,657.6299603495409,,True
73,nominal_seed_73,11,high,work,education,transit,transit,D_0010633,D_0000083,True,True,False,0.4387755102040816,0.45964998438847865,-4004.4714213354346,-5830.333438936759,-1248.3126913265223,True
73,nominal_seed_73,12,middle,education,education,transit,transit,D_0000108,D_0000108,False,False,False,1.0,1.000000000000001,0.0,0.0,0.0,True
73,nominal_seed_73,13,middle,work,work,car,car,D_0014627,D_0014627,False,False,False,1.0,1.0,0.0,0.0,,True
73,nominal_seed_73,14,middle,leisure,leisure,car,car,D_0004058,D_0004073,False,True,False,0.5859375,0.5777328394458036,-4144.823864524904,-4452.394327061744,,True
73,nominal_seed_73,15,middle,leisure,leisure,bike,bike,D_0002271,D_0002274,False,True,False,0.6666666666666666,0.6660221515107181,1621.9815588659044,1962.7478894783417,,True
73,nominal_seed_73,16,low,shopping,shopping,transit,bike,D_0005841,D_0005876,False,True,True,0.11486486486486487,0.10390375479905184,-1698.6596208389678,-6293.380103183859,,True
73,nominal_seed_73,17,high,shopping,shopping,car,car,D_0008268,D_0008392,False,True,False,0.45454545454545453,0.5018699213091685,1000.4797696954033,2199.9746470098603,,True
73,nominal_seed_73,18,middle,work,work,transit,transit,D_0013420,D_0013420,False,False,False,1.0,1.0,0.0,0.0,0.0,True
73,nominal_seed_73,19,middle,work,work,car,car,D_0018893,D_0018893,False,False,False,1.0,1.0,0.0,0.0,,True
73,nominal_seed_73,20,high,education,shopping,transit,transit,D_0000110,D_0005552,True,True,False,0.8064516129032258,0.7381083695544839,704.2934091657717,1535.4495544403253,81.79256915174483,True
73,nominal_seed_73,21,middle,health,health,car,car,D_0001941,D_0001941,False,False,False,1.0,1.0,0.0,0.0,,True
73,nominal_seed_73,22,high,work,work,walk,walk,D_0010028,D_0010028,False,False,False,1.0,1.0,0.0,0.0,,True
73,nominal_seed_73,23,middle,leisure,leisure,transit,transit,D_0002395,D_0002395,False,False,False,1.0,1.0,0.0,0.0,0.0,True
73,nominal_seed_73,24,low,health,shopping,bike,bike,D_0001074,D_0005390,True,True,False,0.010101010101010102,0.0050368828381220825,-2760.291097864876,-2919.815564419311,,True
73,nominal_seed_73,25,middle,shopping,shopping,car,car,D_0007824,D_0007834,False,True,False,0.014084507042253521,0.015975067233638656,-8568.71801221338,-10246.240095754438,,True
73,nominal_seed_73,26,low,work,work,car,car,D_0020188,D_0020172,False,True,False,0.04040404040404041,0.06900954652732251,1511.3996189948425,2302.977485284208,,True
73,nominal_seed_73,27,middle,work,work,bike,bike,D_0010674,D_0010674,False,False,False,1.0,1.0,0.0,0.0,,True
73,nominal_seed_73,28,high,shopping,shopping,transit,car,D_0006605,D_0006691,False,True,True,0.0,0.0,-5648.496120142098,-7336.49008906493,,True
73,nominal_seed_73,29,high,shopping,shopping,car,car,D_0008950,D_0009055,False,True,False,0.008620689655172414,0.005327030979405978,7900.808399715867,9181.95181969889,,True
73,nominal_seed_73,30,middle,shopping,shopping,bike,bike,D_0005353,D_0005353,False,False,False,1.0,1.0,0.0,0.0,,True
73,nominal_seed_73,31,low,work,work,transit,transit,D_0013161,D_0013146,False,True,False,0.9066666666666666,0.8740315414953627,-474.6425900801696,-531.8819333650081,-119.65575272147589,True
73,nominal_seed_73,32,middle,shopping,shopping,transit,transit,D_0006621,D_0006628,False,True,False,0.04285714285714286,0.0528238931891158,-5123.477778039634,-6343.918556877977,-1308.9529260195195,True
73,nominal_seed_73,33,middle,work,work,car,car,D_0013942,D_0013942,False,False,False,1.0,1.0000000000000002,0.0,0.0,,True
73,nominal_seed_73,34,low,work,work,car,car,D_0021229,D_0021229,False,False,False,1.0,0.9999999999999998,0.0,0.0,,True
73,nominal_seed_73,35,middle,health,health,car,car,D_0001801,D_0001801,False,False,False,1.0,1.0000000000000002,0.0,0.0,,True
73,nominal_seed_73,36,middle,shopping,shopping,car,car,D_0009819,D_0009820,False,True,False,0.2358974358974359,0.17883860101921883,11751.452717943484,15713.865019984089,,True
73,nominal_seed_73,37,middle,shopping,shopping,bike,bike,D_0005328,D_0005327,False,True,False,0.9903846153846154,0.9966116839647394,-19.056431463724948,-32.28885794430062,,True
73,nominal_seed_73,38,middle,work,work,transit,transit,D_0013886,D_0013886,False,False,False,1.0,1.0,0.0,0.0,0.0,True
73,nominal_seed_73,39,high,health,leisure,car,car,D_0001691,D_0004104,True,True,False,0.0,0.0,2982.6743135619718,4505.099194800545,,True
73,nominal_seed_73,40,high,work,work,car,car,D_0017281,D_0017288,False,True,False,0.059880239520958084,0.06465219197808146,1294.4278722944546,1274.740825911069,,True
73,nominal_seed_73,41,middle,shopping,shopping,car,car,D_0009605,D_0009604,False,True,False,0.9230769230769231,0.9792599658939498,-106.98665044811037,-36.89201501346429,,True
73,nominal_seed_73,42,high,work,work,car,car,D_0014630,D_0014742,False,True,False,0.0,0.0,2870.998097597505,2770.4349077473908,,True
73,nominal_seed_73,43,high,work,work,bike,transit,D_0011116,D_0011125,False,True,True,0.061224489795918366,0.03840543293186355,-433.9070637858913,-721.5962818273886,,True
73,nominal_seed_73,44,high,leisure,leisure,transit,car,D_0002881,D_0002950,False,True,True,0.0,0.0,-2027.8562825050647,-3099.090211526835,,True
73,nominal_seed_73,45,high,work,work,transit,transit,D_0011138,D_0011154,False,True,False,0.010309278350515464,0.012508938795513642,-553.7094380886156,-1027.0902370361268,185.00741437829856,True
73,nominal_seed_73,46,low,work,work,transit,transit,D_0010617,D_0010625,False,True,False,0.2351421188630491,0.2495309808900517,1021.1321968864886,-6755.159142041328,-577.3360221346557,True
73,nominal_seed_73,47,middle,education,education,car,car,D_0000979,D_0000979,False,False,False,1.0,1.0,0.0,0.0,,True
73,nominal_seed_73,48,middle,shopping,shopping,transit,transit,D_0007074,D_0007075,False,True,False,0.5483870967741935,0.6782954539741403,-302.8336165906785,794.079903161869,-94.65254113854098,True
73,nominal_seed_73,49,middle,leisure,leisure,transit,transit,D_0002911,D_0002899,False,True,False,0.1876750700280112,0.16479946887573457,2426.1647286648276,3695.705321370482,764.4339331144147,True
73,nominal_seed_73,50,low,work,work,car,transit,D_0016040,D_0016006,False,True,True,0.0,0.0,-456.16205398819784,-263.1145976675416,,True
73,nominal_seed_73,51,low,work,work,car,transit,D_0013886,D_0013882,False,True,True,0.017064846416382253,0.011704730182905559,-72.88350241576154,440.18511561982814,,True
73,nominal_seed_73,52,middle,shopping,shopping,car,car,D_0009794,D_0009795,False,True,False,0.9811320754716981,0.9873395476242126,16.514430853434988,-44.48254059200826,,True
73,nominal_seed_73,53,low,shopping,education,transit,transit,D_0006204,D_0000254,True,True,False,0.009615384615384616,0.0046650538526045475,-5488.476781066054,-6601.011203887563,773.6782960498131,True
73,nominal_seed_73,54,middle,work,work,transit,transit,D_0013151,D_0013152,False,True,False,0.9947368421052631,0.9927649472036776,23.104836696453276,-100.1475385701051,-71.53395612150416,True
73,nominal_seed_73,55,middle,work,work,transit,transit,D_0012433,D_0012433,False,False,False,1.0,1.0000000000000002,0.0,0.0,0.0,True
73,nominal_seed_73,56,low,leisure,leisure,car,transit,D_0004214,D_0004406,False,True,True,0.056338028169014086,0.0691086334811614,-4187.566921978144,-1738.8891535014645,,True
73,nominal_seed_73,57,middle,shopping,shopping,transit,transit,D_0005692,D_0005678,False,True,False,0.39635535307517084,0.31466037670770947,-492.94164885301325,-5645.624673979506,-207.1955124320375,True
73,nominal_seed_73,58,middle,work,work,car,car,D_0018631,D_0018631,False,False,False,1.0,0.9999999999999998,0.0,0.0,,True
73,nominal_seed_73,59,high,education,education,car,car,D_0000614,D_0000607,False,True,False,0.013888888888888888,0.012328096582821406,-5895.896791307701,-7255.341503693714,,True
73,nominal_seed_73,60,high,health,health,transit,car,D_0001439,D_0001441,False,True,True,,,444.4655856218951,-24013.37065565749,,False
73,nominal_seed_73,61,middle,work,work,transit,transit,D_0013952,D_0013952,False,False,False,1.0,1.0000000000000002,0.0,0.0,0.0,True
73,nominal_seed_73,62,low,health,shopping,bike,bike,D_0001043,D_0005235,True,True,False,0.009569377990430622,0.009312951489303804,1019.9922120824867,498.49504914651334,,True
73,nominal_seed_73,63,low,shopping,education,transit,transit,D_0007036,D_0000444,True,True,False,0.03529411764705882,0.03283526899704251,-117.08384445886122,390.32376432620094,-317.2928017296472,True
73,nominal_seed_73,64,middle,health,health,transit,transit,D_0001410,D_0001411,False,True,False,0.7769784172661871,0.7845628264999851,888.4669153941395,1290.201291378673,99.9861167709496,True
73,nominal_seed_73,65,middle,leisure,leisure,car,car,D_0004693,D_0004693,False,False,False,1.0,1.0,0.0,0.0,,True
73,nominal_seed_73,66,middle,work,work,car,car,D_0014364,D_0014364,False,False,False,1.0,1.0,0.0,0.0,,True
73,nominal_seed_73,67,middle,shopping,shopping,transit,transit,D_0006200,D_0006197,False,True,False,0.9222222222222223,0.9527726978155023,167.85734773478453,197.56162058251266,141.1154432732219,True
73,nominal_seed_73,68,middle,work,work,car,car,D_0021408,D_0021408,False,False,False,1.0,0.9999999999999999,0.0,0.0,,True
73,nominal_seed_73,69,middle,work,work,transit,transit,D_0011513,D_0011515,False,True,False,0.9099099099099099,0.9341952437630265,-93.92349084197213,246.1275330800645,209.34360211157082,True
73,nominal_seed_73,70,low,work,work,car,transit,D_0018746,D_0018763,False,True,True,0.002583979328165375,0.007389539774319329,-1702.2517967406257,1514.9833403137545,,True
73,nominal_seed_73,71,middle,shopping,shopping,car,car,D_0008300,D_0008269,False,True,False,0.16551724137931034,0.1729665217164933,3941.7150872182247,6014.037552574802,,True
73,nominal_seed_73,72,middle,education,education,car,car,D_0000831,D_0000831,False,False,False,1.0,1.0,0.0,0.0,,True
73,nominal_seed_73,73,middle,work,work,car,car,D_0015710,D_0015712,False,True,False,0.07947019867549669,0.05795571907248461,-1220.8864116689451,-1713.3938543969944,,True
73,nominal_seed_73,74,middle,leisure,leisure,car,car,D_0004769,D_0004763,False,True,False,0.040625,0.053889555813299184,15215.827254570317,18867.694304529978,,True
73,nominal_seed_73,75,middle,leisure,leisure,transit,transit,D_0002987,D_0002997,False,True,False,0.6230769230769231,0.6163361843978528,-2584.3202569681753,-2661.4998983585565,-518.703284472434,True
73,nominal_seed_73,76,middle,education,education,transit,car,D_0000434,D_0000434,False,False,True,0.03233830845771144,0.029422631295420186,0.0,-1302.2533014077362,,True
73,nominal_seed_73,77,high,leisure,leisure,car,car,D_0003488,D_0003555,False,True,False,0.2641509433962264,0.1949541695917275,-3545.072151540533,-4040.6321896102777,,True
73,nominal_seed_73,78,middle,health,health,car,car,D_0001946,D_0001946,False,False,False,1.0,1.0,0.0,0.0,,True
73,nominal_seed_73,79,middle,work,work,bike,bike,D_0010165,D_0010165,False,False,False,1.0,0.9999999999999996,0.0,0.0,,True
73,nominal_seed_73,80,middle,leisure,leisure,car,car,D_0004098,D_0004076,False,True,False,0.0,0.0,4784.6976737746745,7003.076150746084,,True
73,nominal_seed_73,81,high,shopping,health,car,car,D_0009815,D_0001983,True,True,False,0.06642066420664207,0.05657423240366523,-2253.937093083795,-3219.702773402154,,True
73,nominal_seed_73,82,middle,education,education,car,car,D_0000535,D_0000535,False,False,False,1.0,1.0000000000000004,0.0,0.0,,True
73,nominal_seed_73,83,middle,work,work,car,car,D_0019300,D_0019300,False,False,False,1.0,1.0,0.0,0.0,,True
73,nominal_seed_73,84,low,shopping,shopping,transit,transit,D_0005909,D_0005903,False,True,False,0.7627118644067796,0.7083140364174301,16.319887943985577,529.6655634230292,-234.29173886305557,True
73,nominal_seed_73,85,middle,work,work,car,car,D_0017961,D_0017958,False,True,False,0.01910828025477707,0.016238166210168208,1257.9688152325734,585.4569043848924,,True
73,nominal_seed_73,86,middle,education,education,car,car,D_0000935,D_0000935,False,False,False,1.0,1.0,0.0,0.0,,True
73,nominal_seed_73,87,middle,leisure,leisure,car,car,D_0003581,D_0003573,False,True,False,0.0981012658227848,0.11003470123265441,749.7974198947632,809.8071470923605,,True
73,nominal_seed_73,88,low,education,education,car,car,D_0000844,D_0000841,False,True,False,0.9395348837209302,0.9420843384509494,-51.77415672696952,-934.0387541322089,,True
73,nominal_seed_73,89,middle,education,education,car,car,D_0000494,D_0000495,False,True,False,0.7530120481927711,0.7920926851983345,278.8642366556105,1049.8051981166118,,True
73,nominal_seed_73,90,middle,health,health,bike,bike,D_0001173,D_0001173,False,False,False,1.0,1.0000000000000002,0.0,0.0,,True
73,nominal_seed_73,91,low,education,work,transit,bike,D_0000197,D_0012010,True,True,True,0.016666666666666666,0.04345579392789574,-6605.958224800261,-9271.808744310674,,True
73,nominal_seed_73,92,high,leisure,leisure,transit,car,D_0002892,D_0002905,False,True,True,0.06451612903225806,0.07011636746928032,-938.4421004933395,-1376.7704926094605,,True
73,nominal_seed_73,93,low,work,work,transit,transit,D_0012670,D_0012615,False,True,False,0.22466960352422907,0.22934309092081417,-5646.272921842168,-5598.372430677602,-446.57489516782516,True
73,nominal_seed_73,94,middle,leisure,leisure,transit,transit,D_0002577,D_0002583,False,True,False,,,135.4524239096154,183.41299471760794,217.08182142885562,False
73,nominal_seed_73,95,low,education,work,car,transit,D_0000466,D_0014659,True,True,True,0.0,0.0,-3358.9973757972984,-5822.782005122053,,True
73,nominal_seed_73,96,middle,work,work,walk,walk,D_0010023,D_0010023,False,False,False,1.0,1.0,0.0,0.0,,True
73,nominal_seed_73,97,middle,leisure,leisure,car,car,D_0005017,D_0005017,False,False,False,1.0,1.0,0.0,0.0,,True
73,nominal_seed_73,98,middle,health,health,car,car,D_0001919,D_0001919,False,False,False,1.0,1.0,0.0,0.0,,True
73,nominal_seed_73,99,middle,shopping,shopping,car,car,D_0009475,D_0009477,False,True,False,0.0,0.0,-5468.412104094055,-6904.501486395034,,True
73,nominal_seed_73,100,middle,work,work,car,car,D_0018692,D_0018692,False,False,False,1.0,1.0,0.0,0.0,,True
101,nominal_seed_101,1,middle,work,work,car,car,D_0021381,D_0021381,False,False,False,1.0,1.0,0.0,0.0,,True
101,nominal_seed_101,2,middle,work,work,transit,transit,D_0013386,D_0013387,False,True,False,0.9459459459459459,0.9502633900422126,104.41521046577918,182.71334321463382,-23.849507718147038,True
101,nominal_seed_101,3,low,shopping,education,car,transit,D_0008643,D_0000765,True,True,True,0.007575757575757576,0.012344770574953666,-7982.612927630534,-7238.741062559351,,True
101,nominal_seed_101,4,low,work,work,car,transit,D_0015709,D_0015691,False,True,True,0.007352941176470588,0.006060618660079123,-13346.091642824747,-16243.346780551467,,True
101,nominal_seed_101,5,middle,work,work,transit,transit,D_0012646,D_0012648,False,True,False,0.8539325842696629,0.8190874730543811,-247.11122557064073,-80.38138766143311,208.56128357052876,True
101,nominal_seed_101,6,middle,work,work,car,car,D_0020989,D_0020990,False,True,False,0.8586956521739131,0.8431593387723064,286.32687060560966,587.6955143320265,,True
101,nominal_seed_101,7,middle,shopping,shopping,car,car,D_0008984,D_0008992,False,True,False,0.01486988847583643,0.033978524233543056,8338.556223573609,11163.492094336882,,True
101,nominal_seed_101,8,middle,education,education,transit,car,D_0000326,D_0000327,False,True,True,0.01160541586073501,0.010912905613850587,-689.5430133481459,-3967.4370154587596,,True
101,nominal_seed_101,9,low,shopping,shopping,car,car,D_0009724,D_0009724,False,False,False,1.0,1.0,0.0,0.0,,True
101,nominal_seed_101,10,middle,work,work,transit,transit,D_0012153,D_0012153,False,False,False,1.0,0.9999999999999991,0.0,0.0,0.0,True
101,nominal_seed_101,11,middle,health,health,car,car,D_0001780,D_0001780,False,False,False,1.0,1.0000000000000004,0.0,0.0,,True
101,nominal_seed_101,12,middle,health,health,car,car,D_0001631,D_0001631,False,False,False,1.0,1.0,0.0,0.0,,True
101,nominal_seed_101,13,middle,work,work,transit,transit,D_0014065,D_0014066,False,True,False,0.18333333333333332,0.24755021785860737,76.62122442911686,-2915.7324201536676,72.90790579359964,True
101,nominal_seed_101,14,middle,work,work,bike,bike,D_0010144,D_0010144,False,False,False,1.0,0.9999999999999997,0.0,0.0,,True
101,nominal_seed_101,15,middle,leisure,leisure,car,car,D_0004851,D_0004848,False,True,False,0.0,0.0,-4441.780339459842,-4719.820392467001,,True
101,nominal_seed_101,16,high,leisure,leisure,car,car,D_0003414,D_0003521,False,True,False,0.29310344827586204,0.3880573060511057,3483.30864371249,4024.780227571893,,True
101,nominal_seed_101,17,middle,shopping,shopping,transit,transit,D_0006626,D_0006629,False,True,False,,,1274.7862824760468,58612.45182541556,1494.8337818151485,False
101,nominal_seed_101,18,middle,leisure,leisure,transit,transit,D_0003015,D_0003015,False,False,False,1.0,1.0,0.0,0.0,0.0,True
101,nominal_seed_101,19,middle,health,health,car,car,D_0001613,D_0001613,False,False,False,1.0,1.0,0.0,0.0,,True
101,nominal_seed_101,20,low,work,work,transit,transit,D_0013160,D_0013141,False,True,False,0.0,0.0,-5174.277105715936,-4756.419804510331,-322.31464302449604,True
101,nominal_seed_101,21,high,health,health,car,car,D_0001501,D_0001502,False,True,False,0.6,0.5442503545475497,-1852.2286532074013,-2912.4327888470925,,True
101,nominal_seed_101,22,high,shopping,shopping,transit,car,D_0006456,D_0006574,False,True,True,0.030864197530864196,0.06784939138133776,-2092.312705571018,-7250.840128260399,,True
101,nominal_seed_101,23,low,work,work,transit,transit,D_0010336,D_0010333,False,True,False,0.3120567375886525,0.3650478647794409,310.15105114198013,2349.9628437396495,125.98126577617222,True
101,nominal_seed_101,24,low,health,shopping,transit,transit,D_0001250,D_0005975,True,True,False,0.30978260869565216,0.30321330467534524,-13.395722565698634,937.8330549035372,-271.54090198841004,True
101,nominal_seed_101,25,middle,work,work,car,car,D_0019570,D_0019570,False,False,False,1.0,0.9999999999999998,0.0,0.0,,True
101,nominal_seed_101,26,middle,shopping,shopping,car,car,D_0008629,D_0008635,False,True,False,0.013513513513513514,0.010043865154088574,1135.0359401685462,1044.6290258559834,,True
101,nominal_seed_101,27,middle,work,work,car,car,D_0016921,D_0016921,False,False,False,1.0,1.0,0.0,0.0,,True
101,nominal_seed_101,28,low,work,work,car,transit,D_0014774,D_0014816,False,True,True,0.0030959752321981426,0.005251939864417941,1378.965380175201,5745.982523119503,,True
101,nominal_seed_101,29,low,work,work,car,car,D_0022124,D_0022124,False,False,False,1.0,1.0,0.0,0.0,,True
101,nominal_seed_101,30,low,shopping,education,car,car,D_0009203,D_0000892,True,True,False,0.22878228782287824,0.22577382523237127,-9321.326421470543,-11768.05471870405,,True
101,nominal_seed_101,31,middle,work,work,transit,transit,D_0012151,D_0012153,False,True,False,0.8333333333333334,0.8855252261312249,-55.0206154772186,203.4436296627482,145.31687833053365,True
101,nominal_seed_101,32,low,education,work,car,transit,D_0000508,D_0015213,True,True,True,0.0,0.0,6875.424556200637,12945.433126656171,,True
101,nominal_seed_101,33,middle,health,health,car,car,D_0001960,D_0001960,False,False,False,1.0,1.0,0.0,0.0,,True
101,nominal_seed_101,34,low,leisure,health,car,transit,D_0004246,D_0001749,True,True,True,0.0,0.0,3311.572396228139,5721.825365546485,,True
101,nominal_seed_101,35,middle,health,health,transit,transit,D_0001384,D_0001384,False,False,False,1.0,1.0,0.0,0.0,0.0,True
101,nominal_seed_101,36,low,leisure,leisure,transit,transit,D_0003927,D_0004043,False,True,False,0.0410958904109589,0.029318262982640952,-995.5529912102081,-690.533208201346,-188.3404939104803,True
101,nominal_seed_101,37,low,education,work,car,transit,D_0000469,D_0014708,True,True,True,0.0423728813559322,0.05636530355161279,-944.398825738514,-2695.06828283298,,True
101,nominal_seed_101,38,middle,work,work,car,car,D_0020609,D_0020611,False,True,False,0.7291666666666666,0.7566762239143711,1892.5521704545881,2095.1202614668273,,True
101,nominal_seed_101,39,low,work,work,car,transit,D_0017258,D_0017202,False,True,True,0.09523809523809523,0.10112527528628149,-4260.023911844215,-3525.1752587569117,,True
101,nominal_seed_101,40,high,leisure,leisure,transit,car,D_0002979,D_0003049,False,True,True,0.003816793893129771,0.002052197674713406,-5604.4270429567705,-10131.596133387688,,True
101,nominal_seed_101,41,middle,leisure,leisure,transit,transit,D_0003090,D_0003097,False,True,False,0.7032967032967034,0.7141842184962744,-1341.3840601148568,-981.0662363111569,-124.86364961057552,True
101,nominal_seed_101,42,middle,education,education,transit,transit,D_0000112,D_0000112,False,False,False,1.0,1.0000000000000007,0.0,0.0,0.0,True
101,nominal_seed_101,43,middle,education,education,transit,transit,D_0000453,D_0000453,False,False,False,1.0,1.0000000000000002,0.0,0.0,0.0,True
101,nominal_seed_101,44,middle,shopping,shopping,transit,transit,D_0005946,D_0005947,False,True,False,0.9696969696969697,0.9960187366817982,11.311529768587661,11.028976370234886,7.877840264456609,True
101,nominal_seed_101,45,high,shopping,shopping,bike,transit,D_0005450,D_0005463,False,True,True,0.0,0.0,640.8941168674446,1492.0505993552633,,True
101,nominal_seed_101,46,low,work,work,transit,transit,D_0010697,D_0010699,False,True,False,0.07125307125307126,0.06378529845363282,554.2786445710663,-4106.734356582685,-167.1678685320544,True
101,nominal_seed_101,47,low,leisure,leisure,bike,bike,D_0002534,D_0002532,False,True,False,0.5238095238095238,0.5462349142071908,299.29617669405815,308.1147053874141,,True
101,nominal_seed_101,48,middle,leisure,leisure,car,car,D_0003760,D_0003767,False,True,False,0.0,0.0,-1063.6754292454389,-998.2521451530329,,True
101,nominal_seed_101,49,middle,leisure,leisure,transit,transit,D_0002406,D_0002408,False,True,False,,,74.92440570769304,89.30456474939274,63.78897482099228,False
101,nominal_seed_101,50,middle,education,education,car,car,D_0000519,D_0000519,False,False,False,1.0,1.000000000000001,0.0,0.0,,True
101,nominal_seed_101,51,high,education,education,car,car,D_0000518,D_0000530,False,True,False,0.0,0.0,1333.871857804891,1501.034153802816,,True
101,nominal_seed_101,52,middle,shopping,shopping,car,car,D_0009578,D_0009578,False,False,False,1.0,1.0,0.0,0.0,,True
101,nominal_seed_101,53,middle,leisure,leisure,transit,transit,D_0003095,D_0003100,False,True,False,0.48,0.5545636667600444,-397.6411800049382,-224.955540343356,150.49503046905386,True
101,nominal_seed_101,54,middle,work,work,car,car,D_0018572,D_0018572,False,False,False,1.0,1.0,0.0,0.0,,True
101,nominal_seed_101,55,middle,work,work,transit,bike,D_0010194,D_0010194,False,False,True,,,0.0,-49971.71038626524,,False
101,nominal_seed_101,56,middle,work,work,car,car,D_0015946,D_0015946,False,False,False,1.0,1.0,0.0,0.0,,True
101,nominal_seed_101,57,low,education,education,car,car,D_0000991,D_0000988,False,True,False,0.07378335949764521,0.050978266172863135,3874.9350401134034,7240.089475247369,,True
101,nominal_seed_101,58,high,work,education,bike,bike,D_0010315,D_0000048,True,True,False,0.0,0.0,-5221.0682650042245,-6435.724911078502,,True
101,nominal_seed_101,59,middle,education,education,car,car,D_0000909,D_0000909,False,False,False,1.0,0.9999999999999997,0.0,0.0,,True
101,nominal_seed_101,60,middle,education,education,transit,bike,D_0000133,D_0000133,False,False,True,0.024390243902439025,0.03903907780258654,0.0,-2327.017752334436,,True
101,nominal_seed_101,61,low,shopping,shopping,car,transit,D_0007571,D_0007452,False,True,True,,,163.1583078218382,21047.954678892187,,False
101,nominal_seed_101,62,high,leisure,leisure,walk,bike,D_0002035,D_0002046,False,True,True,0.017699115044247787,0.026497729967203617,3981.521173167898,2785.6837503454376,,True
101,nominal_seed_101,63,middle,education,education,bike,bike,D_0000059,D_0000059,False,False,False,1.0,1.0,0.0,0.0,,True
101,nominal_seed_101,64,middle,shopping,shopping,transit,transit,D_0005706,D_0005696,False,True,False,0.4413145539906103,0.3913862952286624,1083.4194188362962,5177.199464486817,1611.792640608368,True
101,nominal_seed_101,65,middle,shopping,shopping,car,car,D_0009177,D_0009183,False,True,False,0.0,0.0,825.2636186209902,1250.3201640698517,,True
101,nominal_seed_101,66,middle,leisure,leisure,car,car,D_0004157,D_0004160,False,True,False,0.08163265306122448,0.05324794455190894,-2924.547972501132,-3334.738915472225,,True
101,nominal_seed_101,67,high,work,work,car,car,D_0015995,D_0016087,False,True,False,0.0,0.0,-5265.441266187412,-6356.13153486854,,True
101,nominal_seed_101,68,high,work,work,car,car,D_0015776,D_0015872,False,True,False,0.041025641025641026,0.052672358347904076,1903.8513177704835,1649.6543480391756,,True
101,nominal_seed_101,69,low,health,shopping,transit,transit,D_0001327,D_0007344,True,True,False,0.8629441624365483,0.8316351371670769,-1432.6245651402241,-2647.0420982992164,-663.9678649815141,True
101,nominal_seed_101,70,middle,work,work,car,car,D_0014623,D_0014625,False,True,False,0.47674418604651164,0.4614136932265055,-80.23516433464602,-216.80643053868698,,True
101,nominal_seed_101,71,low,work,work,car,transit,D_0014387,D_0014353,False,True,True,0.0,0.0,-8518.3003514176,-7476.91920882248,,True
101,nominal_seed_101,72,middle,work,work,car,car,D_0021797,D_0021797,False,False,False,1.0,1.0,0.0,0.0,,True
101,nominal_seed_101,73,high,work,work,car,car,D_0014488,D_0014484,False,True,False,0.6877828054298643,0.6415195671325079,-748.1099517403927,-1028.4886060135013,,True
101,nominal_seed_101,74,middle,shopping,shopping,car,car,D_0008875,D_0008862,False,True,False,0.0,0.0,-7122.287682646687,-7822.235495373276,,True
101,nominal_seed_101,75,middle,leisure,leisure,transit,transit,D_0002870,D_0002876,False,True,False,0.0,0.0,2210.9825053715067,2211.843208165853,836.2011920716977,True
101,nominal_seed_101,76,high,work,work,car,car,D_0020964,D_0020986,False,True,False,0.01020408163265306,0.00851012585295077,2540.527153015768,2962.0384407638976,,True
101,nominal_seed_101,77,middle,leisure,leisure,car,car,D_0004599,D_0004599,False,False,False,1.0,0.9999999999999996,0.0,0.0,,True
101,nominal_seed_101,78,middle,shopping,shopping,car,car,D_0009837,D_0009837,False,False,False,1.0,1.0,0.0,0.0,,True
101,nominal_seed_101,79,high,work,work,transit,car,D_0012060,D_0012096,False,True,True,0.0,0.0,-318.3562988802523,-3297.7235643741915,,True
101,nominal_seed_101,80,middle,leisure,leisure,car,car,D_0004538,D_0004545,False,True,False,0.015151515151515152,0.015053960256937008,1080.7967745611822,223.96841518767178,,True
101,nominal_seed_101,81,middle,education,education,car,car,D_0000429,D_0000430,False,True,False,0.9919354838709677,0.9851695205853672,-107.23028282415817,-132.49820620421997,,True
101,nominal_seed_101,82,middle,work,work,car,car,D_0014941,D_0014942,False,True,False,0.6498054474708171,0.6910096583403841,374.880928338438,1024.9634594419185,,True
101,nominal_seed_101,83,middle,health,health,car,car,D_0001520,D_0001520,False,False,False,1.0,1.0,0.0,0.0,,True
101,nominal_seed_101,84,high,education,shopping,bike,bike,D_0000078,D_0005456,True,True,False,0.00980392156862745,0.008889249027494522,-3562.2473291478573,-4326.053694521401,,True
101,nominal_seed_101,85,middle,work,work,car,car,D_0020128,D_0020128,False,False,False,1.0,0.9999999999999998,0.0,0.0,,True
101,nominal_seed_101,86,middle,work,work,car,car,D_0015731,D_0015731,False,False,False,1.0,1.0000000000000002,0.0,0.0,,True
101,nominal_seed_101,87,low,leisure,health,transit,transit,D_0002409,D_0001125,True,True,False,0.00723589001447178,0.007442830032727789,215.52959835297406,5599.352789204288,-386.2181721240704,True
101,nominal_seed_101,88,middle,leisure,leisure,car,car,D_0004080,D_0004082,False,True,False,0.0,0.0,1195.3416318315844,1058.4046113284621,,True
101,nominal_seed_101,89,middle,shopping,shopping,bike,bike,D_0005508,D_0005508,False,False,False,1.0,1.0,0.0,0.0,,True
101,nominal_seed_101,90,middle,work,work,transit,transit,D_0013755,D_0013755,False,False,False,1.0,1.0,0.0,0.0,0.0,True
101,nominal_seed_101,91,high,shopping,shopping,car,car,D_0007760,D_0007906,False,True,False,0.33093525179856115,0.2512462970989924,-4747.749173909906,-6429.672386694261,,True
101,nominal_seed_101,92,middle,leisure,leisure,car,car,D_0003188,D_0003192,False,True,False,0.014423076923076924,0.009923380754368863,1264.5249310218433,1187.9306291580242,,True
101,nominal_seed_101,93,high,shopping,health,bike,bike,D_0005353,D_0001073,True,True,False,0.4875,0.4395816883119002,-2320.178025184744,-3157.969314354509,,True
101,nominal_seed_101,94,middle,work,work,car,car,D_0015830,D_0015831,False,True,False,0.2568306010928962,0.25552201294741395,926.2112644548615,1350.7462370270232,,True
101,nominal_seed_101,95,high,health,leisure,transit,car,D_0001369,D_0002973,True,True,True,0.0,0.0,-8169.401419319223,-10787.854111359893,,True
101,nominal_seed_101,96,middle,shopping,shopping,transit,transit,D_0006695,D_0006695,False,False,False,1.0,1.0,0.0,0.0,0.0,True
101,nominal_seed_101,97,middle,education,education,transit,transit,D_0000188,D_0000188,False,False,False,1.0,1.0000000000000002,0.0,0.0,0.0,True
101,nominal_seed_101,98,middle,work,work,transit,transit,D_0012175,D_0012175,False,False,False,1.0,1.0000000000000007,0.0,0.0,0.0,True
101,nominal_seed_101,99,high,education,education,car,car,D_0001006,D_0001006,False,False,False,1.0,1.0,0.0,0.0,,True
101,nominal_seed_101,100,middle,shopping,shopping,car,car,D_0008380,D_0008337,False,True,False,0.03409090909090909,0.047141659948535274,4498.151833881981,4616.960690766807,,True
