income_group,mode_baseline,mode_differentiated,n,income_total,share_within_income
high,bike,bike,7,86,0.08139534883720931
high,bike,transit,4,86,0.046511627906976744
high,car,car,45,86,0.5232558139534884
high,transit,bike,1,86,0.011627906976744186
high,transit,car,21,86,0.2441860465116279
high,transit,transit,5,86,0.05813953488372093
high,walk,bike,1,86,0.011627906976744186
high,walk,walk,2,86,0.023255813953488372
low,bike,bike,5,97,0.05154639175257732
low,car,car,18,97,0.18556701030927836
low,car,transit,32,97,0.32989690721649484
low,transit,bike,2,97,0.020618556701030927
low,transit,transit,39,97,0.4020618556701031
low,walk,walk,1,97,0.010309278350515464
middle,bike,bike,25,295,0.0847457627118644
middle,car,car,165,295,0.559322033898305
middle,transit,bike,2,295,0.006779661016949152
middle,transit,car,4,295,0.013559322033898305
middle,transit,transit,93,295,0.3152542372881356
middle,walk,walk,6,295,0.020338983050847456
