seed,income_group,n_agents,purpose_change_share,destination_change_share,mode_change_share,route_jaccard_length_median,delta_od_distance_m_median,delta_travel_distance_m_median
11,high,17,0.23529411764705882,0.9411764705882353,0.29411764705882354,0.006583736178074607,725.6095171672769,581.4777276205496
11,low,18,0.3888888888888889,0.9444444444444444,0.2222222222222222,0.09161045931486857,-71.73831620600868,98.92845699147983
11,middle,58,0.0,0.5862068965517241,0.034482758620689655,0.8810778435400408,0.0,0.0
23,high,17,0.23529411764705882,1.0,0.35294117647058826,0.018413509543520286,-386.50444771252387,-1067.5322051551966
23,low,17,0.4117647058823529,0.9411764705882353,0.35294117647058826,0.14782003310109146,259.5205156799693,2739.849338946602
23,middle,61,0.0,0.5901639344262295,0.0,0.9556103873191009,0.0,0.0
42,high,18,0.2222222222222222,1.0,0.3333333333333333,0.008417498301276716,-111.43252876930887,-995.7856636824224
42,low,21,0.38095238095238093,1.0,0.42857142857142855,0.012633700324629168,-1054.7498781564263,-1254.9555847826523
42,middle,58,0.0,0.5344827586206896,0.017241379310344827,0.9630038188029038,0.0,0.0
73,high,16,0.25,0.9375,0.25,0.047489832667764395,-493.80825093725343,-874.3432594317577
73,low,21,0.38095238095238093,0.9523809523809523,0.3333333333333333,0.06900954652732247,-456.16205398819784,-531.8819333650081
73,middle,60,0.0,0.45,0.016666666666666666,0.9999999999999997,0.0,0.0
101,high,18,0.2222222222222222,0.9444444444444444,0.3333333333333333,0.017693489497349064,-1300.169302473897,-3035.201051600801
101,low,20,0.4,0.9,0.4,0.053671784862237996,-6.697861282849317,-345.266604100673
101,middle,58,0.0,0.46551724137931033,0.034482758620689655,0.9999999999999994,0.0,0.0
