analysis_segment_id,support_seed_count,delta_H_soc_median,delta_H_soc_q1,delta_H_soc_q3,H_soc_baseline_median,H_soc_differentiated_median,length_m,delta_sign_consistency,contrib_delta_H_low_median,contrib_delta_H_middle_median,contrib_delta_H_high_median,spatial_change_class
S_0001055,1,0.0,0.0,0.0,0.9602297178607612,0.9602297178607612,94.24672188495043,,0.0,0.0,0.0,insufficient_seed_support
S_0001056,1,0.0,0.0,0.0,0.9602297178607612,0.9602297178607612,86.10934213752914,,0.0,0.0,0.0,insufficient_seed_support
S_0001408,1,0.41442961477003065,0.41442961477003065,0.41442961477003065,0.4554859150035952,0.8699155297736259,312.68255188231507,1.0,0.032809294596404526,0.12858549886485157,0.2530348213087746,insufficient_seed_support
S_0001770,2,-0.19805074024395872,-0.30624017750699467,-0.08986130298092275,0.741258574531485,0.5432078342875263,28.042753685968897,0.5,-0.025480962334631846,-0.046052367254939594,-0.1265174106543873,insufficient_seed_support
S_0001771,2,-0.19805074024395872,-0.30624017750699467,-0.08986130298092275,0.741258574531485,0.5432078342875263,79.68712736830373,0.5,-0.025480962334631846,-0.046052367254939594,-0.1265174106543873,insufficient_seed_support
S_0001999,1,-0.409487605714332,-0.409487605714332,-0.409487605714332,0.8649735207179272,0.4554859150035952,181.57200831360007,1.0,-0.2929947041435854,-0.11649290157074652,0.0,insufficient_seed_support
S_0002000,1,-0.409487605714332,-0.409487605714332,-0.409487605714332,0.8649735207179272,0.4554859150035952,101.07852507847649,1.0,-0.2929947041435854,-0.11649290157074652,0.0,insufficient_seed_support
S_0002920,1,0.0,0.0,0.0,0.4554859150035952,0.4554859150035952,27.77568870566485,,0.0,0.0,0.0,insufficient_seed_support
S_0004332,3,0.39546655591312685,0.36637778340812466,0.5040340876012355,0.29590327428938457,0.6913698302025114,52.808493936699,1.0,0.2365986575892965,0.12450092799756529,0.011227044246052587,increase_diversity
S_0005004,1,-0.2896900821428473,-0.2896900821428473,-0.2896900821428473,0.9206198357143047,0.6309297535714574,13.662045597606866,1.0,-0.017868456547604605,0.0,-0.27182162559524287,insufficient_seed_support
S_0005005,1,-0.2896900821428473,-0.2896900821428473,-0.2896900821428473,0.9206198357143047,0.6309297535714574,282.04879688592354,1.0,-0.017868456547604605,0.0,-0.27182162559524287,insufficient_seed_support
S_0006292,1,-0.27487992424460284,-0.27487992424460284,-0.27487992424460284,0.8194483718728035,0.5445684476282007,147.72750943425046,1.0,0.010339121954261232,-0.04862038860956744,-0.2365986575892965,insufficient_seed_support
S_0006835,1,0.13444996132168263,0.13444996132168263,0.13444996132168263,0.41011848630651804,0.5445684476282007,39.49223171377898,1.0,0.32580399873998994,0.08046758817693558,-0.27182162559524287,insufficient_seed_support
S_0006836,2,0.3010904051328339,0.15054520256641696,0.4516356076992509,0.18665198019294363,0.4877423853257775,176.60246050081878,1.0,0.2939153970383321,0.1336924187488891,-0.1265174106543873,insufficient_seed_support
S_0006939,1,0.1692616779791769,0.1692616779791769,0.1692616779791769,0.41011848630651804,0.5793801642856949,29.68240705347561,1.0,0.3333333333333333,0.10774997024108654,-0.27182162559524287,insufficient_seed_support
S_0006940,2,0.2987487111077405,0.23243627059195096,0.36506115162353003,0.4554859150035952,0.7542346261113357,53.538565154231726,1.0,0.18616715198959968,0.14077958239528524,-0.028198023277144463,insufficient_seed_support
S_0006941,2,0.2457559200919967,0.14556167439453693,0.3459501657894565,0.3917112233462027,0.6374671434381993,56.51771659478806,1.0,0.16831897766703563,0.08565502428470005,-0.008218081859739046,insufficient_seed_support
S_0006943,3,0.43137359213931953,0.2987487111077405,0.44825375642501464,0.4554859150035952,0.8868595071429147,101.5608099575415,1.0,0.03753833121130978,0.1529736659257189,0.0,increase_diversity
S_0006944,3,0.43137359213931953,0.2987487111077405,0.44825375642501464,0.4554859150035952,0.8868595071429147,7.42699185077401,1.0,0.03753833121130978,0.1529736659257189,0.0,increase_diversity
S_0008370,1,-0.13855554675702747,-0.13855554675702747,-0.13855554675702747,0.5118595071429147,0.37330396038588726,50.29985542184624,1.0,0.0,-0.07612549128007341,-0.06243005547695413,insufficient_seed_support
S_0008375,1,-0.13855554675702747,-0.13855554675702747,-0.13855554675702747,0.5118595071429147,0.37330396038588726,109.64816765675852,1.0,0.0,-0.07612549128007341,-0.06243005547695413,insufficient_seed_support
S_0010423,2,-0.19805074024395872,-0.30624017750699467,-0.08986130298092275,0.741258574531485,0.5432078342875263,160.14305539700402,0.5,-0.025480962334631846,-0.046052367254939594,-0.1265174106543873,insufficient_seed_support
S_0010424,1,0.009008125790412436,0.009008125790412436,0.009008125790412436,0.6126016192893442,0.6216097450797566,32.544884075737684,1.0,-0.003084471503692676,0.012092597294105056,0.0,insufficient_seed_support
S_0010425,2,-0.19805074024395872,-0.30624017750699467,-0.08986130298092275,0.741258574531485,0.5432078342875263,9.730589565171773,0.5,-0.025480962334631846,-0.046052367254939594,-0.1265174106543873,insufficient_seed_support
S_0010468,1,0.40932988556628547,0.40932988556628547,0.40932988556628547,0.41011848630651804,0.8194483718728035,96.68933851061541,1.0,0.04364325119048584,0.12908797678650302,0.2365986575892965,insufficient_seed_support
S_0010685,1,0.17544383856786222,0.17544383856786222,0.17544383856786222,0.4554859150035952,0.6309297535714574,14.216395007141248,1.0,0.022470172642143293,0.1529736659257189,0.0,insufficient_seed_support
S_0010761,1,0.0,0.0,0.0,0.4554859150035952,0.4554859150035952,208.7960491065797,,0.0,0.0,0.0,insufficient_seed_support
S_0010775,1,0.0,0.0,0.0,0.9206198357143047,0.9206198357143047,9.908355013259001,,0.0,0.0,0.0,insufficient_seed_support
S_0010901,1,0.16612383007616144,0.16612383007616144,0.16612383007616144,0.4554859150035952,0.6216097450797566,35.7946104511809,1.0,0.3305330353548952,0.12858549886485157,-0.2929947041435854,insufficient_seed_support
S_0011867,1,0.5810409851257007,0.5810409851257007,0.5810409851257007,0.41011848630651804,0.9911594714322187,100.52684483917835,1.0,0.3287709822868154,0.1953206461473127,0.05694935669157253,insufficient_seed_support
S_0011886,1,0.44614441148691625,0.44614441148691625,0.44614441148691625,0.37330396038588726,0.8194483718728035,140.7376163985314,1.0,0.06243005547695413,0.14711569842066546,0.2365986575892965,insufficient_seed_support
S_0012596,1,-0.37330396038588726,-0.37330396038588726,-0.37330396038588726,0.37330396038588726,0.0,120.20804844924116,1.0,0.0,-0.12026913907711272,-0.2530348213087746,insufficient_seed_support
S_0012597,3,0.39546655591312685,0.36637778340812466,0.5040340876012355,0.29590327428938457,0.6913698302025114,6.366714969899088,1.0,0.2365986575892965,0.12450092799756529,0.011227044246052587,increase_diversity
S_0014319,1,0.17544383856786222,0.17544383856786222,0.17544383856786222,0.4554859150035952,0.6309297535714574,7.256045004079882,1.0,0.022470172642143293,0.1529736659257189,0.0,insufficient_seed_support
S_0014320,1,0.17544383856786222,0.17544383856786222,0.17544383856786222,0.4554859150035952,0.6309297535714574,72.67988964921545,1.0,0.022470172642143293,0.1529736659257189,0.0,insufficient_seed_support
S_0014322,1,0.17544383856786222,0.17544383856786222,0.17544383856786222,0.4554859150035952,0.6309297535714574,53.130941829752786,1.0,0.022470172642143293,0.1529736659257189,0.0,insufficient_seed_support
S_0014579,1,0.5793801642856949,0.5793801642856949,0.5793801642856949,0.0,0.5793801642856949,7.845337807498889,1.0,0.3333333333333333,0.2460468309523617,0.0,insufficient_seed_support
S_0016557,1,0.0,0.0,0.0,0.9602297178607612,0.9602297178607612,39.629223507124564,,0.0,0.0,0.0,insufficient_seed_support
S_0017164,1,0.157115704285749,0.157115704285749,0.157115704285749,0.4554859150035952,0.6126016192893442,67.128732846458,1.0,0.04062280271500246,0.11649290157074652,0.0,insufficient_seed_support
S_0017245,1,0.0,0.0,0.0,0.8649735207179272,0.8649735207179272,79.23871331226893,,0.0,0.0,0.0,insufficient_seed_support
S_0017262,1,-0.03270894048528594,-0.03270894048528594,-0.03270894048528594,0.5445684476282007,0.5118595071429147,7.118857180557343,1.0,0.0,-0.022369818531024627,-0.010339121954261232,insufficient_seed_support
S_0017265,1,-0.02280064597997289,-0.02280064597997289,-0.02280064597997289,0.6021808102656678,0.5793801642856949,32.292315912453915,1.0,0.0,-0.021338006545416482,-0.0014626394345562677,insufficient_seed_support
S_0017266,1,0.0,0.0,0.0,0.4554859150035952,0.4554859150035952,32.07316641473185,,0.0,0.0,0.0,insufficient_seed_support
S_0017268,1,-0.02280064597997289,-0.02280064597997289,-0.02280064597997289,0.6021808102656678,0.5793801642856949,24.776329930233246,1.0,0.0,-0.021338006545416482,-0.0014626394345562677,insufficient_seed_support
S_0017412,1,-0.409487605714332,-0.409487605714332,-0.409487605714332,0.8649735207179272,0.4554859150035952,61.5411373086661,1.0,-0.2929947041435854,-0.11649290157074652,0.0,insufficient_seed_support
S_0017469,1,0.5793801642856949,0.5793801642856949,0.5793801642856949,0.0,0.5793801642856949,7.8342568889973565,1.0,0.3333333333333333,0.2460468309523617,0.0,insufficient_seed_support
S_0017530,1,-0.17708846285350321,-0.17708846285350321,-0.17708846285350321,0.7896900821428474,0.6126016192893442,93.38990997467607,1.0,0.06179588126334501,0.032937281478394614,-0.27182162559524287,insufficient_seed_support
S_0017563,1,0.3811979133397405,0.3811979133397405,0.3811979133397405,0.556032649876389,0.9372305632161295,26.907439814122995,1.0,0.3287709822868154,0.08820320919615507,-0.03577627814322998,insufficient_seed_support
S_0018513,1,0.504743802857166,0.504743802857166,0.504743802857166,0.4554859150035952,0.9602297178607612,17.452043169092015,1.0,0.2929947041435854,0.17112629599857807,0.04062280271500246,insufficient_seed_support
S_0018562,1,0.0,0.0,0.0,0.4554859150035952,0.4554859150035952,40.011476173667,,0.0,0.0,0.0,insufficient_seed_support
S_0018563,1,-0.40932988556628547,-0.40932988556628547,-0.40932988556628547,0.8194483718728035,0.41011848630651804,68.93204913252131,1.0,-0.2365986575892965,-0.12908797678650302,-0.04364325119048584,insufficient_seed_support
S_0018565,1,0.0,0.0,0.0,0.4554859150035952,0.4554859150035952,11.957744889240457,,0.0,0.0,0.0,insufficient_seed_support
S_0018566,1,0.0,0.0,0.0,0.4554859150035952,0.4554859150035952,16.28979574451722,,0.0,0.0,0.0,insufficient_seed_support
S_0018750,1,0.0,0.0,0.0,0.0,0.0,13.840500165976184,,0.0,0.0,0.0,insufficient_seed_support
S_0018835,1,0.157115704285749,0.157115704285749,0.157115704285749,0.4554859150035952,0.6126016192893442,80.44360727394752,1.0,0.04062280271500246,0.11649290157074652,0.0,insufficient_seed_support
S_0019074,1,-0.3080182164249605,-0.3080182164249605,-0.3080182164249605,0.9206198357143047,0.6126016192893442,72.77838703107025,1.0,0.00028417352525456074,-0.036480764354972384,-0.27182162559524287,insufficient_seed_support
S_0019465,1,0.34123967142861,0.34123967142861,0.34123967142861,0.5793801642856949,0.920619835714305,235.11891300671874,1.0,0.27182162559524287,0.069418045833367,0.0,insufficient_seed_support
S_0019626,1,-0.09525619714283395,-0.09525619714283395,-0.09525619714283395,0.9602297178607612,0.8649735207179272,42.3669478263277,1.0,0.0,-0.05463339442783155,-0.04062280271500246,insufficient_seed_support
S_0019662,1,-0.2905353654879309,-0.2905353654879309,-0.2905353654879309,0.8699155297736259,0.5793801642856949,149.90868381501062,1.0,0.007529334593343373,-0.04502987877249967,-0.2530348213087746,insufficient_seed_support
S_0019714,1,0.157115704285749,0.157115704285749,0.157115704285749,0.4554859150035952,0.6126016192893442,95.99902222248977,1.0,0.04062280271500246,0.11649290157074652,0.0,insufficient_seed_support
S_0020102,1,0.12389424928209974,0.12389424928209974,0.12389424928209974,0.4554859150035952,0.5793801642856949,96.54774450365697,1.0,0.3333333333333333,0.0835556200923519,-0.2929947041435854,insufficient_seed_support
S_0020127,1,0.17544383856786222,0.17544383856786222,0.17544383856786222,0.4554859150035952,0.6309297535714574,89.66326162174427,1.0,0.022470172642143293,0.1529736659257189,0.0,insufficient_seed_support
S_0020128,1,0.17544383856786222,0.17544383856786222,0.17544383856786222,0.4554859150035952,0.6309297535714574,14.604776608526068,1.0,0.022470172642143293,0.1529736659257189,0.0,insufficient_seed_support
S_0020229,1,0.17708846285350321,0.17708846285350321,0.17708846285350321,0.6126016192893442,0.7896900821428474,33.416836479751574,1.0,0.27182162559524287,-0.032937281478394614,-0.06179588126334501,insufficient_seed_support
S_0020391,1,0.0,0.0,0.0,0.9602297178607612,0.9602297178607612,210.43535883233213,,0.0,0.0,0.0,insufficient_seed_support
S_0020394,1,0.0,0.0,0.0,0.9602297178607612,0.9602297178607612,87.88854813456851,,0.0,0.0,0.0,insufficient_seed_support
S_0020432,1,0.0,0.0,0.0,0.9602297178607612,0.9602297178607612,151.37643918890018,,0.0,0.0,0.0,insufficient_seed_support
S_0020433,1,0.0,0.0,0.0,0.9602297178607612,0.9602297178607612,66.42771356332882,,0.0,0.0,0.0,insufficient_seed_support
S_0020553,2,0.0,0.0,0.0,0.7078578164321782,0.7078578164321782,15.574157812537235,,0.0,0.0,0.0,insufficient_seed_support
S_0020839,1,-0.17708846285350321,-0.17708846285350321,-0.17708846285350321,0.7896900821428474,0.6126016192893442,85.46345245578388,1.0,0.06179588126334501,0.032937281478394614,-0.27182162559524287,insufficient_seed_support
S_0020841,1,-0.17708846285350321,-0.17708846285350321,-0.17708846285350321,0.7896900821428474,0.6126016192893442,81.23940540673128,1.0,0.06179588126334501,0.032937281478394614,-0.27182162559524287,insufficient_seed_support
S_0020923,1,-0.09525619714283395,-0.09525619714283395,-0.09525619714283395,0.9602297178607612,0.8649735207179272,52.15259666143586,1.0,0.0,-0.05463339442783155,-0.04062280271500246,insufficient_seed_support
S_0020945,1,-0.03960988214645644,-0.03960988214645644,-0.03960988214645644,0.9602297178607612,0.9206198357143047,52.658710855950254,1.0,0.0403386291897479,-0.018152630072859166,-0.06179588126334501,insufficient_seed_support
S_0021228,1,0.40932988556628547,0.40932988556628547,0.40932988556628547,0.41011848630651804,0.8194483718728035,136.0296611456993,1.0,0.04364325119048584,0.12908797678650302,0.2365986575892965,insufficient_seed_support
S_0021229,1,0.40932988556628547,0.40932988556628547,0.40932988556628547,0.41011848630651804,0.8194483718728035,25.343587095458787,1.0,0.04364325119048584,0.12908797678650302,0.2365986575892965,insufficient_seed_support
S_0021241,1,0.4426740021835224,0.4426740021835224,0.4426740021835224,0.41011848630651804,0.8527924884900404,9.765969289088014,1.0,0.06151170773809045,0.15894007222320966,0.2222222222222222,insufficient_seed_support
S_0021254,1,0.05070430594067887,0.05070430594067887,0.05070430594067887,0.8699155297736259,0.9206198357143047,99.47186730969338,1.0,0.08029851202455873,0.024388167060867327,-0.053982373144747076,insufficient_seed_support
S_0021427,1,0.36238839940774203,0.36238839940774203,0.36238839940774203,0.41011848630651804,0.7725068857142601,158.45362674760761,1.0,0.03241620694443326,0.10774997024108654,0.2222222222222222,insufficient_seed_support
S_0021486,1,0.4426740021835224,0.4426740021835224,0.4426740021835224,0.41011848630651804,0.8527924884900404,80.31286221343541,1.0,0.06151170773809045,0.15894007222320966,0.2222222222222222,insufficient_seed_support
S_0021492,1,0.36345279687715715,0.36345279687715715,0.36345279687715715,0.6021808102656678,0.965633607142825,11.295513733133072,1.0,0.3333333333333333,0.0606776037720374,-0.03055814022821346,insufficient_seed_support
S_0021640,1,0.042229580794061694,0.042229580794061694,0.042229580794061694,0.5793801642856949,0.6216097450797566,81.68412412359905,1.0,-0.0028002979784381155,0.04502987877249967,0.0,insufficient_seed_support
S_0021643,1,0.009008125790412436,0.009008125790412436,0.009008125790412436,0.6126016192893442,0.6216097450797566,27.191003048409044,1.0,-0.003084471503692676,0.012092597294105056,0.0,insufficient_seed_support
S_0021644,1,0.018328134282113218,0.018328134282113218,0.018328134282113218,0.6126016192893442,0.6309297535714574,9.542528253954535,1.0,-0.018152630072859166,0.036480764354972384,0.0,insufficient_seed_support
S_0021648,2,-0.21073886985222615,-0.330482776431234,-0.09099496327321828,0.7539467041397525,0.5432078342875263,125.83129718141726,0.5,-0.01528711218912579,-0.04333284139326225,-0.15211891626983806,insufficient_seed_support
S_0021649,3,0.028748943305789587,-0.14548963477489496,0.24694143200824967,0.6021808102656678,0.6309297535714574,109.58961538974458,0.6666666666666666,-0.019331095982160873,0.048080039287950516,0.0,stable
S_0021652,1,0.018328134282113218,0.018328134282113218,0.018328134282113218,0.6126016192893442,0.6309297535714574,144.76910960429052,1.0,-0.018152630072859166,0.036480764354972384,0.0,insufficient_seed_support
S_0021767,1,0.335186061176829,0.335186061176829,0.335186061176829,0.482159360969681,0.81734542214651,22.121852587729137,1.0,0.3287709822868154,0.10106258400075144,-0.09464750511073769,insufficient_seed_support
S_0021789,1,-0.25731391048428165,-0.25731391048428165,-0.25731391048428165,0.8699155297736259,0.6126016192893442,204.0223024676951,1.0,0.0805826855498133,-0.012092597294105056,-0.32580399873998994,insufficient_seed_support
S_0021805,1,0.157115704285749,0.157115704285749,0.157115704285749,0.4554859150035952,0.6126016192893442,201.9197258873209,1.0,0.04062280271500246,0.11649290157074652,0.0,insufficient_seed_support
S_0021895,1,-0.17708846285350321,-0.17708846285350321,-0.17708846285350321,0.7896900821428474,0.6126016192893442,342.2128433987566,1.0,0.06179588126334501,0.032937281478394614,-0.27182162559524287,insufficient_seed_support
S_0022066,1,0.36053128775511845,0.36053128775511845,0.36053128775511845,0.6216097450797566,0.9821410328348751,173.25609004308814,1.0,0.32580399873998994,0.03945632563003382,-0.004729036614905258,insufficient_seed_support
S_0022123,1,0.40932988556628547,0.40932988556628547,0.40932988556628547,0.41011848630651804,0.8194483718728035,109.36908219719511,1.0,0.04364325119048584,0.12908797678650302,0.2365986575892965,insufficient_seed_support
S_0022124,1,0.41442961477003065,0.41442961477003065,0.41442961477003065,0.4554859150035952,0.8699155297736259,45.98447197300331,1.0,0.032809294596404526,0.12858549886485157,0.2530348213087746,insufficient_seed_support
S_0022126,1,0.41442961477003065,0.41442961477003065,0.41442961477003065,0.4554859150035952,0.8699155297736259,34.976460472895326,1.0,0.032809294596404526,0.12858549886485157,0.2530348213087746,insufficient_seed_support
S_0022145,1,-0.41442961477003065,-0.41442961477003065,-0.41442961477003065,0.8699155297736259,0.4554859150035952,42.45064671326901,1.0,-0.032809294596404526,-0.12858549886485157,-0.2530348213087746,insufficient_seed_support
S_0022146,1,0.009008125790412436,0.009008125790412436,0.009008125790412436,0.6126016192893442,0.6216097450797566,58.422415403341965,1.0,-0.003084471503692676,0.012092597294105056,0.0,insufficient_seed_support
S_0022559,1,-0.27487992424460284,-0.27487992424460284,-0.27487992424460284,0.8194483718728035,0.5445684476282007,117.25271643893994,1.0,0.010339121954261232,-0.04862038860956744,-0.2365986575892965,insufficient_seed_support
S_0022561,1,-0.34762809857141697,-0.34762809857141697,-0.34762809857141697,0.9602297178607612,0.6126016192893442,70.72191023045747,1.0,0.0,-0.05463339442783155,-0.2929947041435854,insufficient_seed_support
S_0022563,1,-0.34762809857141697,-0.34762809857141697,-0.34762809857141697,0.9602297178607612,0.6126016192893442,72.33150522115677,1.0,0.0,-0.05463339442783155,-0.2929947041435854,insufficient_seed_support
S_0022565,1,-0.34762809857141697,-0.34762809857141697,-0.34762809857141697,0.9602297178607612,0.6126016192893442,79.9289193857296,1.0,0.0,-0.05463339442783155,-0.2929947041435854,insufficient_seed_support
S_0022602,1,-0.25731391048428165,-0.25731391048428165,-0.25731391048428165,0.8699155297736259,0.6126016192893442,133.94340786685103,1.0,0.007813508118597934,-0.012092597294105056,-0.2530348213087746,insufficient_seed_support
S_0022603,1,-0.25731391048428165,-0.25731391048428165,-0.25731391048428165,0.8699155297736259,0.6126016192893442,119.03167636905656,1.0,0.007813508118597934,-0.012092597294105056,-0.2530348213087746,insufficient_seed_support
S_0025719,1,-0.252371901428583,-0.252371901428583,-0.252371901428583,0.8649735207179272,0.6126016192893442,9.09616284811138,1.0,-0.01401059171282909,0.05463339442783155,-0.2929947041435854,insufficient_seed_support
S_0025720,1,-0.3412396714286098,-0.3412396714286098,-0.3412396714286098,0.9206198357143047,0.5793801642856949,115.04679741943633,1.0,-0.0872865023809716,0.017868456547604605,-0.27182162559524287,insufficient_seed_support
S_0025722,1,-0.252371901428583,-0.252371901428583,-0.252371901428583,0.8649735207179272,0.6126016192893442,126.70223879464743,1.0,-0.01401059171282909,0.05463339442783155,-0.2929947041435854,insufficient_seed_support
S_0025729,1,-0.3412396714286098,-0.3412396714286098,-0.3412396714286098,0.9206198357143047,0.5793801642856949,36.98725647963868,1.0,-0.0872865023809716,0.017868456547604605,-0.27182162559524287,insufficient_seed_support
S_0025760,1,-0.3412396714286098,-0.3412396714286098,-0.3412396714286098,0.9206198357143047,0.5793801642856949,88.63052393728766,1.0,-0.0872865023809716,0.017868456547604605,-0.27182162559524287,insufficient_seed_support
S_0025793,1,-0.2483057846938692,-0.2483057846938692,-0.2483057846938692,0.8699155297736259,0.6216097450797566,134.78716975676224,1.0,-0.03472728901512856,0.03945632563003382,-0.2530348213087746,insufficient_seed_support
S_0026191,1,-0.34762809857141697,-0.34762809857141697,-0.34762809857141697,0.9602297178607612,0.6126016192893442,144.73770799901288,1.0,-0.01401059171282909,0.0,-0.3336175068585879,insufficient_seed_support
S_0027303,1,-0.157115704285749,-0.157115704285749,-0.157115704285749,0.6126016192893442,0.4554859150035952,29.604955537965044,1.0,-0.11649290157074652,-0.04062280271500246,0.0,insufficient_seed_support
S_0028457,2,-0.20721480738501533,-0.310822211077523,-0.10360740369250766,0.741258574531485,0.5340437671464697,10.720032475738188,1.0,-0.016404647298202263,-0.06429274943242579,-0.1265174106543873,insufficient_seed_support
S_0028458,2,-0.20721480738501533,-0.310822211077523,-0.10360740369250766,0.741258574531485,0.5340437671464697,129.87219089900188,1.0,-0.016404647298202263,-0.06429274943242579,-0.1265174106543873,insufficient_seed_support
S_0028461,2,-0.20721480738501533,-0.310822211077523,-0.10360740369250766,0.741258574531485,0.5340437671464697,11.04698546660623,1.0,-0.016404647298202263,-0.06429274943242579,-0.1265174106543873,insufficient_seed_support
S_0028548,1,-0.1692616779791769,-0.1692616779791769,-0.1692616779791769,0.5793801642856949,0.41011848630651804,26.695722089634675,1.0,-0.06151170773809045,-0.10774997024108654,0.0,insufficient_seed_support
S_0028550,1,-0.1692616779791769,-0.1692616779791769,-0.1692616779791769,0.5793801642856949,0.41011848630651804,78.74496041552756,1.0,-0.06151170773809045,-0.10774997024108654,0.0,insufficient_seed_support
S_0028551,1,-0.1692616779791769,-0.1692616779791769,-0.1692616779791769,0.5793801642856949,0.41011848630651804,79.40946565372933,1.0,-0.06151170773809045,-0.10774997024108654,0.0,insufficient_seed_support
S_0028553,1,0.145453927220065,0.145453927220065,0.145453927220065,0.5793801642856949,0.72483409150576,12.466237287611659,1.0,-0.08029851202455873,-0.027282382064150956,0.2530348213087746,insufficient_seed_support
S_0028554,1,-0.1692616779791769,-0.1692616779791769,-0.1692616779791769,0.5793801642856949,0.41011848630651804,81.29211567142295,1.0,-0.06151170773809045,-0.10774997024108654,0.0,insufficient_seed_support
S_0028872,1,0.17544383856786222,0.17544383856786222,0.17544383856786222,0.4554859150035952,0.6309297535714574,28.07742396732315,1.0,0.022470172642143293,0.1529736659257189,0.0,insufficient_seed_support
S_0028874,1,0.17544383856786222,0.17544383856786222,0.17544383856786222,0.4554859150035952,0.6309297535714574,30.952559872372994,1.0,0.022470172642143293,0.1529736659257189,0.0,insufficient_seed_support
S_0028878,1,0.17544383856786222,0.17544383856786222,0.17544383856786222,0.4554859150035952,0.6309297535714574,80.59042675076152,1.0,0.022470172642143293,0.1529736659257189,0.0,insufficient_seed_support
S_0028880,1,0.17544383856786222,0.17544383856786222,0.17544383856786222,0.4554859150035952,0.6309297535714574,109.39164343165396,1.0,0.022470172642143293,0.1529736659257189,0.0,insufficient_seed_support
S_0028919,1,0.17544383856786222,0.17544383856786222,0.17544383856786222,0.4554859150035952,0.6309297535714574,89.82191742119304,1.0,0.022470172642143293,0.1529736659257189,0.0,insufficient_seed_support
S_0029290,1,0.0,0.0,0.0,0.6126016192893442,0.6126016192893442,185.74787786993804,,0.0,0.0,0.0,insufficient_seed_support
S_0029291,1,0.0,0.0,0.0,0.6126016192893442,0.6126016192893442,497.6347348006106,,0.0,0.0,0.0,insufficient_seed_support
S_0029292,1,-0.2896900821428473,-0.2896900821428473,-0.2896900821428473,0.9206198357143047,0.6309297535714574,182.53239932109437,1.0,-0.017868456547604605,0.0,-0.27182162559524287,insufficient_seed_support
S_0029293,1,-0.2896900821428473,-0.2896900821428473,-0.2896900821428473,0.9206198357143047,0.6309297535714574,550.4467228204071,1.0,-0.017868456547604605,0.0,-0.27182162559524287,insufficient_seed_support
S_0029295,1,0.0,0.0,0.0,0.6126016192893442,0.6126016192893442,19.834375704335148,,0.0,0.0,0.0,insufficient_seed_support
S_0029296,1,0.0,0.0,0.0,0.6126016192893442,0.6126016192893442,13.457658950450258,,0.0,0.0,0.0,insufficient_seed_support
S_0029297,1,0.0,0.0,0.0,0.6126016192893442,0.6126016192893442,126.0319179170104,,0.0,0.0,0.0,insufficient_seed_support
S_0029298,1,0.0,0.0,0.0,0.6126016192893442,0.6126016192893442,15.479038361518608,,0.0,0.0,0.0,insufficient_seed_support
S_0029299,1,0.0,0.0,0.0,0.6126016192893442,0.6126016192893442,44.81747074459299,,0.0,0.0,0.0,insufficient_seed_support
S_0029303,1,0.0,0.0,0.0,0.6126016192893442,0.6126016192893442,200.32654936913974,,0.0,0.0,0.0,insufficient_seed_support
S_0030273,1,0.36345279687715715,0.36345279687715715,0.36345279687715715,0.6021808102656678,0.965633607142825,102.42525451106323,1.0,0.3333333333333333,0.0606776037720374,-0.03055814022821346,insufficient_seed_support
S_0031379,1,0.13855554675702747,0.13855554675702747,0.13855554675702747,0.37330396038588726,0.5118595071429147,102.14071067191773,1.0,0.3154648767857287,0.07612549128007341,-0.2530348213087746,insufficient_seed_support
S_0031396,1,0.12389424928209974,0.12389424928209974,0.12389424928209974,0.4554859150035952,0.5793801642856949,48.80960975149174,1.0,0.3333333333333333,0.0835556200923519,-0.2929947041435854,insufficient_seed_support
S_0032257,1,-0.409487605714332,-0.409487605714332,-0.409487605714332,0.8649735207179272,0.4554859150035952,250.91793717137074,1.0,-0.2929947041435854,-0.11649290157074652,0.0,insufficient_seed_support
S_0032790,2,0.44825375642501464,0.4398136742821671,0.45669383856786216,0.4554859150035952,0.9037396714286099,21.400892047839577,1.0,0.15681144710977352,0.1529736659257189,0.1384686433895222,insufficient_seed_support
S_0034438,1,-0.34762809857141697,-0.34762809857141697,-0.34762809857141697,0.9602297178607612,0.6126016192893442,123.92801295788057,1.0,0.0,-0.05463339442783155,-0.2929947041435854,insufficient_seed_support
S_0036064,1,-0.25731391048428165,-0.25731391048428165,-0.25731391048428165,0.8699155297736259,0.6126016192893442,187.80453225586828,1.0,0.007813508118597934,-0.012092597294105056,-0.2530348213087746,insufficient_seed_support
S_0036066,3,-0.13502647928207256,-0.18754734343459056,-0.12362947574924416,0.8194483718728035,0.6126016192893442,162.88445495558034,1.0,0.017868456547604605,-0.021338006545416482,-0.2365986575892965,decrease_diversity
S_0036067,1,-0.24006820758710856,-0.24006820758710856,-0.24006820758710856,0.8194483718728035,0.5793801642856949,106.69547804506028,1.0,0.017868456547604605,-0.021338006545416482,-0.2365986575892965,insufficient_seed_support
S_0036075,1,-0.3080182164249605,-0.3080182164249605,-0.3080182164249605,0.9206198357143047,0.6126016192893442,61.66433536017225,1.0,0.018152630072859166,-0.05434922090257699,-0.27182162559524287,insufficient_seed_support
S_0036077,1,-0.34762809857141697,-0.34762809857141697,-0.34762809857141697,0.9602297178607612,0.6126016192893442,31.593080869445217,1.0,0.0,-0.05463339442783155,-0.2929947041435854,insufficient_seed_support
S_0037830,1,0.0,0.0,0.0,0.6126016192893442,0.6126016192893442,116.49764352340026,,0.0,0.0,0.0,insufficient_seed_support
S_0037849,1,0.0,0.0,0.0,0.6126016192893442,0.6126016192893442,81.65062317966124,,0.0,0.0,0.0,insufficient_seed_support
S_0037870,1,0.0,0.0,0.0,0.6126016192893442,0.6126016192893442,39.87060336089636,,0.0,0.0,0.0,insufficient_seed_support
S_0037880,1,0.0,0.0,0.0,0.6126016192893442,0.6126016192893442,9.877476441616336,,0.0,0.0,0.0,insufficient_seed_support
S_0038586,1,0.41442961477003065,0.41442961477003065,0.41442961477003065,0.4554859150035952,0.8699155297736259,91.258065695565,1.0,0.32580399873998994,0.12858549886485157,-0.039959882834810834,insufficient_seed_support
S_0038588,1,0.4597970434671078,0.4597970434671078,0.4597970434671078,0.41011848630651804,0.8699155297736259,17.969418287628205,1.0,0.32580399873998994,0.1527798490135862,-0.018786804286468284,insufficient_seed_support
S_0038593,2,-0.1375188221963247,-0.27350321395532834,-0.0015344304373210438,0.6375460035122227,0.500027181315898,16.312983072274506,0.5,0.16290199936999497,-0.018012656696905466,-0.2824081648694141,insufficient_seed_support
S_0038595,2,-0.1375188221963247,-0.27350321395532834,-0.0015344304373210438,0.6375460035122227,0.500027181315898,23.2312845180725,0.5,0.16290199936999497,-0.018012656696905466,-0.2824081648694141,insufficient_seed_support
S_0038614,4,0.21850198575323823,-0.026750777795157235,0.4398136742821671,0.517433039644645,0.7588946303571861,97.52630828864555,0.75,0.129612030555578,0.08560080488848139,0.0,increase_diversity
S_0038615,4,0.2213370010917612,-0.030973562320524936,0.44828898181531923,0.517433039644645,0.7399778624298902,34.52789076115007,0.6666666666666666,0.13591081279762143,0.07648683296285945,0.0,increase_diversity
S_0038620,2,0.32143242545627904,0.24377812776622027,0.39908672314633786,0.4328022006550566,0.7542346261113357,38.99051576854718,1.0,0.18616715198959968,0.15287675746965257,-0.017611484002973188,insufficient_seed_support
S_0038623,2,0.32143242545627904,0.24377812776622027,0.39908672314633786,0.4328022006550566,0.7542346261113357,8.748128879459916,1.0,0.18616715198959968,0.15287675746965257,-0.017611484002973188,insufficient_seed_support
S_0038629,2,0.399669043924981,0.3669366055321166,0.43240148231784536,0.4554859150035952,0.8551549589285762,177.23354028090853,1.0,0.12532427352345016,0.1182646430090354,0.15608012739249538,insufficient_seed_support
S_0038630,1,0.41442961477003065,0.41442961477003065,0.41442961477003065,0.4554859150035952,0.8699155297736259,32.0066189671573,1.0,0.32580399873998994,0.12858549886485157,-0.039959882834810834,insufficient_seed_support
S_0038631,2,0.44825375642501464,0.4398136742821671,0.45669383856786216,0.4554859150035952,0.9037396714286099,1.5632684930815632,1.0,0.15681144710977352,0.1529736659257189,0.1384686433895222,insufficient_seed_support
S_0038632,1,0.16612383007616144,0.16612383007616144,0.16612383007616144,0.4554859150035952,0.6216097450797566,23.624839852672185,1.0,0.3305330353548952,0.12858549886485157,-0.2929947041435854,insufficient_seed_support
S_0039061,2,0.18077340674112025,0.06649516732853764,0.29505164615370283,0.518640861338129,0.6994142680792492,5.861052990374029,0.5,0.16128891916721036,0.037095971576883116,-0.017611484002973188,insufficient_seed_support
S_0039062,1,0.12389424928209974,0.12389424928209974,0.12389424928209974,0.4554859150035952,0.5793801642856949,32.98966223269947,1.0,0.3333333333333333,0.0835556200923519,-0.2929947041435854,insufficient_seed_support
S_0039064,4,0.16149603876530366,0.06722375285806821,0.25618529916104654,0.4947493252961065,0.7304267606694613,258.5962804258574,0.75,0.03148717358632336,0.09925301130993501,0.0,increase_diversity
S_0040302,2,0.27284771295624544,0.2194857715162034,0.3262096543962874,0.4328022006550566,0.705649913611302,3.929829250239639,1.0,0.15467997840327632,0.11816773455296906,0.0,insufficient_seed_support
S_0040347,2,0.25016399860770683,0.20814391434193413,0.2921840828734795,0.4554859150035952,0.705649913611302,108.04839098396259,1.0,0.15467997840327632,0.10607055947860174,-0.010586539274171275,insufficient_seed_support
S_0040349,2,0.27284771295624544,0.2194857715162034,0.3262096543962874,0.4328022006550566,0.705649913611302,127.17055281079767,1.0,0.15467997840327632,0.11816773455296906,0.0,insufficient_seed_support
S_0040366,2,0.32143242545627904,0.24377812776622027,0.39908672314633786,0.4328022006550566,0.7542346261113357,37.2090929215013,1.0,0.18616715198959968,0.15287675746965257,-0.017611484002973188,insufficient_seed_support
S_0040367,2,0.32143242545627904,0.24377812776622027,0.39908672314633786,0.4328022006550566,0.7542346261113357,110.41466772308615,1.0,0.18616715198959968,0.15287675746965257,-0.017611484002973188,insufficient_seed_support
S_0040570,2,0.21207445159462987,0.17531499917582866,0.24883390401343108,0.4763420623357911,0.688416513930421,23.0092573843485,1.0,0.30422979046465704,0.05453138637923401,-0.14668672524926124,insufficient_seed_support
S_0040628,4,0.31171795804923463,0.11307318064883741,0.4398136742821671,0.4554859150035952,0.7445201587042913,43.85922233187533,0.75,0.020900634312152083,0.14103082135611095,0.0,increase_diversity
S_0040634,1,0.44614441148691625,0.44614441148691625,0.44614441148691625,0.37330396038588726,0.8194483718728035,155.8526293990434,1.0,0.3154648767857287,0.14711569842066546,-0.016436163719478092,insufficient_seed_support
S_0040635,1,0.44614441148691625,0.44614441148691625,0.44614441148691625,0.37330396038588726,0.8194483718728035,11.504665640180802,1.0,0.3154648767857287,0.14711569842066546,-0.016436163719478092,insufficient_seed_support
S_0040665,1,-0.157115704285749,-0.157115704285749,-0.157115704285749,0.6126016192893442,0.4554859150035952,66.19792885609564,1.0,-0.11649290157074652,-0.04062280271500246,0.0,insufficient_seed_support
S_0041120,1,0.0,0.0,0.0,0.9602297178607612,0.9602297178607612,127.6001325365836,,0.04062280271500246,0.0,-0.04062280271500246,insufficient_seed_support
S_0042021,1,0.0,0.0,0.0,0.9602297178607612,0.9602297178607612,88.640853091803,,0.0,0.0,0.0,insufficient_seed_support
S_0042362,3,0.30496352737794186,-0.0883905604172962,0.46328663622884925,0.6309297535714574,0.6216097450797566,26.93325628866501,0.6666666666666666,0.016570950891349467,0.016570950891349467,0.0,increase_diversity
S_0042477,1,-0.72483409150576,-0.72483409150576,-0.72483409150576,0.72483409150576,0.0,126.29648530787195,1.0,-0.2530348213087746,-0.21876444888821076,-0.2530348213087746,insufficient_seed_support
S_0042987,2,0.0,0.0,0.0,0.7078578164321782,0.7078578164321782,7.8357116085832805,,0.0,0.0,0.0,insufficient_seed_support
S_0042989,2,0.0,0.0,0.0,0.7078578164321782,0.7078578164321782,4.310195219652504,,0.0,0.0,0.0,insufficient_seed_support
S_0042990,2,0.0,0.0,0.0,0.7078578164321782,0.7078578164321782,17.246318325796267,,0.0,0.0,0.0,insufficient_seed_support
S_0042991,2,0.0,0.0,0.0,0.7078578164321782,0.7078578164321782,13.998617290397263,,0.0,0.0,0.0,insufficient_seed_support
S_0043394,1,0.0,0.0,0.0,0.6126016192893442,0.6126016192893442,55.975160610951804,,0.0,0.0,0.0,insufficient_seed_support
S_0043792,3,0.43137359213931953,0.2987487111077405,0.44825375642501464,0.4554859150035952,0.8868595071429147,22.127446880703655,1.0,0.03753833121130978,0.1529736659257189,0.0,increase_diversity
S_0044278,1,0.0,0.0,0.0,0.9602297178607612,0.9602297178607612,25.98261671712655,,0.0,0.0,0.0,insufficient_seed_support
S_0044740,1,0.0,0.0,0.0,0.6126016192893442,0.6126016192893442,97.23273044836728,,0.0,0.0,0.0,insufficient_seed_support
S_0044877,3,0.43137359213931953,0.2987487111077405,0.44825375642501464,0.4554859150035952,0.8868595071429147,10.214992045212304,1.0,0.03753833121130978,0.1529736659257189,0.0,increase_diversity
S_0045053,1,0.37063312752035943,0.37063312752035943,0.37063312752035943,0.482159360969681,0.8527924884900404,204.65102667269946,1.0,0.3333333333333333,0.11931540450447994,-0.08201561031745391,insufficient_seed_support
S_0045595,4,0.31171795804923463,0.11307318064883741,0.4398136742821671,0.4554859150035952,0.7445201587042913,19.72263544601506,0.75,0.020900634312152083,0.14103082135611095,0.0,increase_diversity
S_0045596,4,0.3203082743629433,0.11307318064883741,0.45269914875273004,0.4328022006550566,0.7304267606694613,13.62787396417067,0.75,0.020900634312152083,0.14103082135611095,0.0,increase_diversity
S_0045597,4,0.31171795804923463,0.11307318064883741,0.4398136742821671,0.4554859150035952,0.7445201587042913,17.324833765947456,0.75,0.020900634312152083,0.14103082135611095,0.0,increase_diversity
S_0046540,1,0.12389424928209974,0.12389424928209974,0.12389424928209974,0.4554859150035952,0.5793801642856949,114.66586290700273,1.0,0.3333333333333333,0.0835556200923519,-0.2929947041435854,insufficient_seed_support
S_0047163,1,0.0,0.0,0.0,0.6126016192893442,0.6126016192893442,18.55575258574919,,-0.05463339442783155,0.05463339442783155,0.0,insufficient_seed_support
S_0047164,1,0.35121127926341766,0.35121127926341766,0.35121127926341766,0.6309297535714574,0.9821410328348751,14.672886623017854,1.0,0.01506815856916649,0.010339121954261232,0.32580399873998994,insufficient_seed_support
S_0047166,2,-0.15620643379172292,-0.2600844453304656,-0.05232842225298022,0.6994142680792492,0.5432078342875263,219.5980737834816,0.5,0.01926379500334216,-0.017737790402200693,-0.15773243839286435,insufficient_seed_support
S_0047172,1,0.0,0.0,0.0,0.6126016192893442,0.6126016192893442,64.68668305206108,,-0.05463339442783155,0.05463339442783155,0.0,insufficient_seed_support
S_0047323,2,-0.17732122418875376,-0.27064184052898105,-0.08400060784852649,0.72052905847628,0.5432078342875263,133.79014297052524,0.5,0.020663943992561218,-0.04025272978845053,-0.15773243839286435,insufficient_seed_support
S_0047324,3,0.30496352737794186,-0.0883905604172962,0.46328663622884925,0.6309297535714574,0.6216097450797566,24.138253917524498,0.6666666666666666,0.016570950891349467,0.016570950891349467,0.0,increase_diversity
S_0047704,1,0.35121127926341766,0.35121127926341766,0.35121127926341766,0.6309297535714574,0.9821410328348751,64.09533203289033,1.0,0.01506815856916649,0.010339121954261232,0.32580399873998994,insufficient_seed_support
S_0047711,1,-0.3808495535750662,-0.3808495535750662,-0.3808495535750662,0.9602297178607612,0.5793801642856949,34.85329353474898,1.0,-0.08757067590622616,-0.00028417352525456074,-0.2929947041435854,insufficient_seed_support
S_0047720,1,-0.3808495535750662,-0.3808495535750662,-0.3808495535750662,0.9602297178607612,0.5793801642856949,14.187374376160747,1.0,-0.08757067590622616,-0.00028417352525456074,-0.2929947041435854,insufficient_seed_support
S_0047856,1,-0.2896900821428473,-0.2896900821428473,-0.2896900821428473,0.9206198357143047,0.6309297535714574,81.76430036352413,1.0,-0.017868456547604605,0.0,-0.27182162559524287,insufficient_seed_support
S_0047857,1,-0.2896900821428473,-0.2896900821428473,-0.2896900821428473,0.9206198357143047,0.6309297535714574,27.555866325577302,1.0,-0.017868456547604605,0.0,-0.27182162559524287,insufficient_seed_support
S_0047858,1,-0.2896900821428473,-0.2896900821428473,-0.2896900821428473,0.9206198357143047,0.6309297535714574,19.701967145854407,1.0,-0.017868456547604605,0.0,-0.27182162559524287,insufficient_seed_support
S_0047859,1,-0.2896900821428473,-0.2896900821428473,-0.2896900821428473,0.9206198357143047,0.6309297535714574,24.1953562264522,1.0,-0.017868456547604605,0.0,-0.27182162559524287,insufficient_seed_support
S_0048087,2,0.44825375642501464,0.4398136742821671,0.45669383856786216,0.4554859150035952,0.9037396714286099,61.378554646684236,1.0,0.15681144710977352,0.1529736659257189,0.1384686433895222,insufficient_seed_support
S_0048088,2,0.44825375642501464,0.4398136742821671,0.45669383856786216,0.4554859150035952,0.9037396714286099,8.234682656919153,1.0,0.15681144710977352,0.1529736659257189,0.1384686433895222,insufficient_seed_support
S_0048089,1,0.4597970434671078,0.4597970434671078,0.4597970434671078,0.41011848630651804,0.8699155297736259,46.712138789736464,1.0,0.32580399873998994,0.1527798490135862,-0.018786804286468284,insufficient_seed_support
S_0048453,2,0.01840726296031539,-0.17744834871278592,0.2142628746334167,0.18665198019294363,0.20505924315325902,9.328458367251763,0.5,0.13591081279762143,0.009013860817081228,-0.1265174106543873,insufficient_seed_support
S_0049947,1,0.0,0.0,0.0,0.4554859150035952,0.4554859150035952,8.971965389539863,,0.0,0.0,0.0,insufficient_seed_support
S_0050903,2,0.21207445159462987,0.17531499917582866,0.24883390401343108,0.4763420623357911,0.688416513930421,12.373771151766856,1.0,0.30422979046465704,0.05453138637923401,-0.14668672524926124,insufficient_seed_support
S_0051179,2,0.0,-0.20505924315325902,0.20505924315325902,0.20505924315325902,0.20505924315325902,24.65497769032222,0.5,0.13591081279762143,0.0,-0.13591081279762143,insufficient_seed_support
S_0051180,2,0.01840726296031539,-0.17744834871278592,0.2142628746334167,0.18665198019294363,0.20505924315325902,3.2840669834183296,0.5,0.13591081279762143,0.009013860817081228,-0.1265174106543873,insufficient_seed_support
S_0051182,2,-0.13546602947865227,-0.2724768175964921,0.001544758639187599,0.6191387405519072,0.48367271107325494,75.1866908079246,0.5,0.15773243839286435,-0.02018370514533655,-0.27301476272617997,insufficient_seed_support
S_0051269,1,0.0,0.0,0.0,0.6126016192893442,0.6126016192893442,50.549574629084546,,0.0,0.0,0.0,insufficient_seed_support
S_0051654,1,0.12389424928209974,0.12389424928209974,0.12389424928209974,0.4554859150035952,0.5793801642856949,48.91315251860353,1.0,0.3333333333333333,0.0835556200923519,-0.2929947041435854,insufficient_seed_support
S_0051655,2,0.44825375642501464,0.4398136742821671,0.45669383856786216,0.4554859150035952,0.9037396714286099,96.03419298147853,1.0,0.15681144710977352,0.1529736659257189,0.1384686433895222,insufficient_seed_support
S_0051821,2,0.06830337986898394,-0.09203426077979954,0.2286410205177674,0.7335771654917975,0.8018805453607815,85.16076165036552,0.5,0.18469689250090893,0.03311633468040484,-0.1495098473123298,insufficient_seed_support
S_0051823,1,0.5810409851257007,0.5810409851257007,0.5810409851257007,0.41011848630651804,0.9911594714322187,64.28022600721133,1.0,0.3287709822868154,0.1953206461473127,0.05694935669157253,insufficient_seed_support
S_0052591,3,0.28559335643223227,0.16120394117643153,0.4554463653182664,0.37330396038588726,0.6252993742043005,114.46225984181197,1.0,0.2929947041435854,0.032937281478394614,-0.0403386291897479,increase_diversity
S_0052597,1,0.03681452592063078,0.03681452592063078,0.03681452592063078,0.37330396038588726,0.41011848630651804,100.81178760277507,1.0,0.27182162559524287,0.018027721634162455,-0.2530348213087746,insufficient_seed_support
S_0052599,3,0.28559335643223227,0.14279667821611614,0.4554463653182664,0.37330396038588726,0.6252993742043005,171.97237700264506,1.0,0.2929947041435854,0.032937281478394614,-0.0403386291897479,increase_diversity
S_0053021,2,0.0,-0.20505924315325902,0.20505924315325902,0.20505924315325902,0.20505924315325902,51.43820736447829,0.5,0.13591081279762143,0.0,-0.13591081279762143,insufficient_seed_support
S_0053733,1,0.145453927220065,0.145453927220065,0.145453927220065,0.5793801642856949,0.72483409150576,143.83960984236154,1.0,-0.08029851202455873,-0.027282382064150956,0.2530348213087746,insufficient_seed_support
S_0054810,1,0.12389424928209974,0.12389424928209974,0.12389424928209974,0.4554859150035952,0.5793801642856949,263.0753555940669,1.0,0.0403386291897479,0.0835556200923519,0.0,insufficient_seed_support
S_0054856,2,0.1259977069092066,-0.12365312673834034,0.37564854055675356,0.18665198019294363,0.31264968710215024,14.072813599683949,0.5,0.1640312206349078,0.08848389692868605,-0.1265174106543873,insufficient_seed_support
S_0055619,3,0.30496352737794186,-0.0883905604172962,0.46328663622884925,0.6309297535714574,0.6216097450797566,73.18199051317576,0.6666666666666666,0.016570950891349467,0.016570950891349467,0.0,increase_diversity
S_0055788,1,0.40932988556628547,0.40932988556628547,0.40932988556628547,0.41011848630651804,0.8194483718728035,45.45576475670059,1.0,0.04364325119048584,0.12908797678650302,0.2365986575892965,insufficient_seed_support
S_0055794,1,0.050467157900822346,0.050467157900822346,0.050467157900822346,0.8194483718728035,0.8699155297736259,64.26491750828546,1.0,0.08920534115069345,0.02369187222708319,-0.06243005547695413,insufficient_seed_support
S_0055868,2,0.1259977069092066,-0.12365312673834034,0.37564854055675356,0.18665198019294363,0.31264968710215024,83.32044448088493,0.5,0.1640312206349078,0.08848389692868605,-0.1265174106543873,insufficient_seed_support
S_0056270,1,-0.41442961477003065,-0.41442961477003065,-0.41442961477003065,0.8699155297736259,0.4554859150035952,53.410206078969274,1.0,-0.032809294596404526,-0.12858549886485157,-0.2530348213087746,insufficient_seed_support
S_0056692,1,0.12389424928209974,0.12389424928209974,0.12389424928209974,0.4554859150035952,0.5793801642856949,76.3937582957779,1.0,0.3333333333333333,0.0835556200923519,-0.2929947041435854,insufficient_seed_support
S_0057064,3,0.16612383007616144,0.14852679182380948,0.2817152017813033,0.4554859150035952,0.8527924884900404,31.833831764884152,1.0,0.03753833121130978,0.12858549886485157,0.0,increase_diversity
S_0057144,1,0.41442961477003065,0.41442961477003065,0.41442961477003065,0.4554859150035952,0.8699155297736259,10.109418733076375,1.0,0.2530348213087746,0.12858549886485157,0.032809294596404526,insufficient_seed_support
S_0057349,1,0.8868595071429147,0.8868595071429147,0.8868595071429147,0.0,0.8868595071429147,28.93521928957651,1.0,0.3347959727678896,0.3154648767857287,0.2365986575892965,insufficient_seed_support
S_0057350,1,0.5555151208363069,0.5555151208363069,0.5555151208363069,0.41011848630651804,0.965633607142825,21.460403222667008,1.0,0.3333333333333333,0.18976558055854043,0.03241620694443326,insufficient_seed_support
S_0057351,1,0.5555151208363069,0.5555151208363069,0.5555151208363069,0.41011848630651804,0.965633607142825,41.9876103626068,1.0,0.3333333333333333,0.18976558055854043,0.03241620694443326,insufficient_seed_support
S_0057474,1,0.5555151208363069,0.5555151208363069,0.5555151208363069,0.41011848630651804,0.965633607142825,24.428118404925012,1.0,0.3333333333333333,0.18976558055854043,0.03241620694443326,insufficient_seed_support
S_0057476,1,0.5810409851257007,0.5810409851257007,0.5810409851257007,0.41011848630651804,0.9911594714322187,18.65089670077314,1.0,0.3287709822868154,0.1953206461473127,0.05694935669157253,insufficient_seed_support
S_0057629,1,0.34229105951471406,0.34229105951471406,0.34229105951471406,0.5445684476282007,0.8868595071429147,19.585702695622718,1.0,0.3347959727678896,0.09670042789751795,-0.08920534115069345,insufficient_seed_support
S_0057658,2,0.08145109350641772,-0.08546040396108265,0.24836259097391808,0.7105030852971581,0.7919541788035758,434.106779305357,0.5,0.18158299299079275,0.04947935209753383,-0.14961125158190888,insufficient_seed_support
S_0057659,1,0.335186061176829,0.335186061176829,0.335186061176829,0.482159360969681,0.81734542214651,146.1272061800944,1.0,0.3287709822868154,0.10106258400075144,-0.09464750511073769,insufficient_seed_support
S_0057660,1,0.37063312752035943,0.37063312752035943,0.37063312752035943,0.482159360969681,0.8527924884900404,434.9416746622877,1.0,0.3333333333333333,0.11931540450447994,-0.08201561031745391,insufficient_seed_support
S_0057662,1,0.36345279687715715,0.36345279687715715,0.36345279687715715,0.6021808102656678,0.965633607142825,202.18348313229268,1.0,0.3333333333333333,0.0606776037720374,-0.03055814022821346,insufficient_seed_support
S_0057663,1,0.36345279687715715,0.36345279687715715,0.36345279687715715,0.6021808102656678,0.965633607142825,83.90307689903094,1.0,0.3333333333333333,0.0606776037720374,-0.03055814022821346,insufficient_seed_support
S_0057966,1,0.335186061176829,0.335186061176829,0.335186061176829,0.482159360969681,0.81734542214651,13.713658729002935,1.0,0.3287709822868154,0.10106258400075144,-0.09464750511073769,insufficient_seed_support
S_0057967,1,0.37063312752035943,0.37063312752035943,0.37063312752035943,0.482159360969681,0.8527924884900404,7.042131756896667,1.0,0.3333333333333333,0.11931540450447994,-0.08201561031745391,insufficient_seed_support
S_0057969,1,0.34229105951471406,0.34229105951471406,0.34229105951471406,0.5445684476282007,0.8868595071429147,177.66686798522244,1.0,0.3347959727678896,0.09670042789751795,-0.08920534115069345,insufficient_seed_support
S_0058337,3,0.41011848630651804,0.2981872864934072,0.4533650278471283,0.29590327428938457,0.482159360969681,53.5633689496171,1.0,0.2530348213087746,0.13829686071127517,0.07276917743121536,increase_diversity
S_0058339,3,0.39546655591312685,0.36637778340812466,0.5040340876012355,0.29590327428938457,0.6913698302025114,23.779750199773684,1.0,0.2365986575892965,0.12450092799756529,0.011227044246052587,increase_diversity
S_0058341,2,0.44825375642501464,0.4398136742821671,0.45669383856786216,0.4554859150035952,0.9037396714286099,123.7731138659653,1.0,0.15681144710977352,0.1529736659257189,0.1384686433895222,insufficient_seed_support
S_0058640,3,0.16612383007616144,0.14852679182380948,0.2817152017813033,0.4554859150035952,0.8527924884900404,82.08551353850484,1.0,0.03753833121130978,0.12858549886485157,0.0,increase_diversity
S_0058676,1,0.5810409851257007,0.5810409851257007,0.5810409851257007,0.41011848630651804,0.9911594714322187,9.574747624447381,1.0,0.3287709822868154,0.1953206461473127,0.05694935669157253,insufficient_seed_support
S_0059185,1,0.41442961477003065,0.41442961477003065,0.41442961477003065,0.4554859150035952,0.8699155297736259,577.6438669410991,1.0,0.032809294596404526,0.12858549886485157,0.2530348213087746,insufficient_seed_support
S_0059400,2,0.14462870387459703,-0.01295546592165836,0.3022128736708524,0.6851741020836396,0.8298028059582366,234.7129087322224,0.5,-0.003906754059298967,0.05291598791118125,0.09561947002271479,insufficient_seed_support
S_0059503,1,0.157115704285749,0.157115704285749,0.157115704285749,0.4554859150035952,0.6126016192893442,256.4124515025999,1.0,0.04062280271500246,0.11649290157074652,0.0,insufficient_seed_support
S_0059656,2,0.0,0.0,0.0,0.7078578164321782,0.7078578164321782,0.0638647815547058,,0.0,0.0,0.0,insufficient_seed_support
S_0059657,1,-0.252371901428583,-0.252371901428583,-0.252371901428583,0.8649735207179272,0.6126016192893442,0.06433464447172792,1.0,-0.01401059171282909,0.05463339442783155,-0.2929947041435854,insufficient_seed_support
S_0059883,1,0.157115704285749,0.157115704285749,0.157115704285749,0.4554859150035952,0.6126016192893442,1.4806897886033494,1.0,0.04062280271500246,0.11649290157074652,0.0,insufficient_seed_support
S_0059887,1,0.157115704285749,0.157115704285749,0.157115704285749,0.4554859150035952,0.6126016192893442,1.5153864432801474,1.0,0.04062280271500246,0.11649290157074652,0.0,insufficient_seed_support
S_0060316,1,-0.17708846285350321,-0.17708846285350321,-0.17708846285350321,0.7896900821428474,0.6126016192893442,7.099483854044018,1.0,0.06179588126334501,0.032937281478394614,-0.27182162559524287,insufficient_seed_support
S_0060317,1,-0.17708846285350321,-0.17708846285350321,-0.17708846285350321,0.7896900821428474,0.6126016192893442,7.099483920487852,1.0,0.06179588126334501,0.032937281478394614,-0.27182162559524287,insufficient_seed_support
S_0060367,1,-0.17708846285350321,-0.17708846285350321,-0.17708846285350321,0.7896900821428474,0.6126016192893442,7.704225360908254,1.0,0.06179588126334501,0.032937281478394614,-0.27182162559524287,insufficient_seed_support
S_0060368,1,-0.17708846285350321,-0.17708846285350321,-0.17708846285350321,0.7896900821428474,0.6126016192893442,7.704225428645711,1.0,0.06179588126334501,0.032937281478394614,-0.27182162559524287,insufficient_seed_support
S_0060440,3,0.28559335643223227,0.16120394117643153,0.4554463653182664,0.37330396038588726,0.6252993742043005,8.586041661749022,1.0,0.2929947041435854,0.032937281478394614,-0.0403386291897479,increase_diversity
S_0060441,3,0.28559335643223227,0.16120394117643153,0.4554463653182664,0.37330396038588726,0.6252993742043005,8.586041706627714,1.0,0.2929947041435854,0.032937281478394614,-0.0403386291897479,increase_diversity
S_0060496,1,-0.25731391048428165,-0.25731391048428165,-0.25731391048428165,0.8699155297736259,0.6126016192893442,9.243298652676625,1.0,0.007813508118597934,-0.012092597294105056,-0.2530348213087746,insufficient_seed_support
S_0060497,1,-0.25731391048428165,-0.25731391048428165,-0.25731391048428165,0.8699155297736259,0.6126016192893442,9.248503376088944,1.0,0.007813508118597934,-0.012092597294105056,-0.2530348213087746,insufficient_seed_support
S_0060760,2,0.0,0.0,0.0,0.7078578164321782,0.7078578164321782,12.521238417487773,,0.0,0.0,0.0,insufficient_seed_support
S_0060763,2,0.0,0.0,0.0,0.7078578164321782,0.7078578164321782,12.543468752334835,,0.0,0.0,0.0,insufficient_seed_support
S_0061115,1,-0.17708846285350321,-0.17708846285350321,-0.17708846285350321,0.7896900821428474,0.6126016192893442,17.043682153630886,1.0,0.06179588126334501,0.032937281478394614,-0.27182162559524287,insufficient_seed_support
S_0061120,1,-0.17708846285350321,-0.17708846285350321,-0.17708846285350321,0.7896900821428474,0.6126016192893442,17.081487913261682,1.0,0.06179588126334501,0.032937281478394614,-0.27182162559524287,insufficient_seed_support
S_0061203,2,0.0,0.0,0.0,0.7078578164321782,0.7078578164321782,18.285995216202906,,0.0,0.0,0.0,insufficient_seed_support
S_0061205,2,0.0,0.0,0.0,0.7078578164321782,0.7078578164321782,18.34985998182458,,0.0,0.0,0.0,insufficient_seed_support
S_0061361,1,-0.17708846285350321,-0.17708846285350321,-0.17708846285350321,0.7896900821428474,0.6126016192893442,20.341392746402505,1.0,0.06179588126334501,0.032937281478394614,-0.27182162559524287,insufficient_seed_support
S_0061364,1,-0.17708846285350321,-0.17708846285350321,-0.17708846285350321,0.7896900821428474,0.6126016192893442,20.35504109857568,1.0,0.06179588126334501,0.032937281478394614,-0.27182162559524287,insufficient_seed_support
S_0061448,2,0.3310569500624656,0.18393573799154822,0.47817816213338304,0.18665198019294363,0.5177089302554092,21.411584588396188,1.0,0.29994203343252923,0.15763232728432364,-0.1265174106543873,insufficient_seed_support
S_0061449,2,0.3310569500624656,0.18393573799154822,0.47817816213338304,0.18665198019294363,0.5177089302554092,21.41158454851777,1.0,0.29994203343252923,0.15763232728432364,-0.1265174106543873,insufficient_seed_support
S_0061454,1,-0.252371901428583,-0.252371901428583,-0.252371901428583,0.8649735207179272,0.6126016192893442,21.502764517902012,1.0,-0.01401059171282909,0.05463339442783155,-0.2929947041435854,insufficient_seed_support
S_0061455,1,-0.252371901428583,-0.252371901428583,-0.252371901428583,0.8649735207179272,0.6126016192893442,21.50276473381838,1.0,-0.01401059171282909,0.05463339442783155,-0.2929947041435854,insufficient_seed_support
S_0061491,1,-0.25731391048428165,-0.25731391048428165,-0.25731391048428165,0.8699155297736259,0.6126016192893442,21.897422436901458,1.0,0.007813508118597934,-0.012092597294105056,-0.2530348213087746,insufficient_seed_support
S_0061492,1,-0.25731391048428165,-0.25731391048428165,-0.25731391048428165,0.8699155297736259,0.6126016192893442,21.918328753449188,1.0,0.007813508118597934,-0.012092597294105056,-0.2530348213087746,insufficient_seed_support
S_0061833,1,0.03322145500364926,0.03322145500364926,0.03322145500364926,0.5793801642856949,0.6126016192893442,26.235269828950255,1.0,0.00028417352525456074,0.032937281478394614,0.0,insufficient_seed_support
S_0061837,1,0.03322145500364926,0.03322145500364926,0.03322145500364926,0.5793801642856949,0.6126016192893442,26.254582406465254,1.0,0.00028417352525456074,0.032937281478394614,0.0,insufficient_seed_support
S_0061838,1,0.157115704285749,0.157115704285749,0.157115704285749,0.4554859150035952,0.6126016192893442,26.26253756374925,1.0,0.04062280271500246,0.11649290157074652,0.0,insufficient_seed_support
S_0061839,1,0.157115704285749,0.157115704285749,0.157115704285749,0.4554859150035952,0.6126016192893442,26.262537817282716,1.0,0.04062280271500246,0.11649290157074652,0.0,insufficient_seed_support
S_0061957,1,-0.37330396038588726,-0.37330396038588726,-0.37330396038588726,0.37330396038588726,0.0,28.367954536034844,1.0,0.0,-0.12026913907711272,-0.2530348213087746,insufficient_seed_support
S_0061958,1,-0.37330396038588726,-0.37330396038588726,-0.37330396038588726,0.37330396038588726,0.0,28.412236936934576,1.0,0.0,-0.12026913907711272,-0.2530348213087746,insufficient_seed_support
S_0062016,1,0.157115704285749,0.157115704285749,0.157115704285749,0.4554859150035952,0.6126016192893442,29.33928069401765,1.0,0.04062280271500246,0.11649290157074652,0.0,insufficient_seed_support
S_0062017,1,0.157115704285749,0.157115704285749,0.157115704285749,0.4554859150035952,0.6126016192893442,29.339280930753652,1.0,0.04062280271500246,0.11649290157074652,0.0,insufficient_seed_support
S_0062151,2,0.3310569500624656,0.18393573799154822,0.47817816213338304,0.18665198019294363,0.5177089302554092,31.823391031873207,1.0,0.29994203343252923,0.15763232728432364,-0.1265174106543873,insufficient_seed_support
S_0062152,2,0.3310569500624656,0.18393573799154822,0.47817816213338304,0.18665198019294363,0.5177089302554092,31.823391164699334,1.0,0.29994203343252923,0.15763232728432364,-0.1265174106543873,insufficient_seed_support
S_0062244,1,-0.17708846285350321,-0.17708846285350321,-0.17708846285350321,0.7896900821428474,0.6126016192893442,33.39605004665073,1.0,0.06179588126334501,0.032937281478394614,-0.27182162559524287,insufficient_seed_support
S_0062245,1,-0.17708846285350321,-0.17708846285350321,-0.17708846285350321,0.7896900821428474,0.6126016192893442,33.41055322909134,1.0,0.06179588126334501,0.032937281478394614,-0.27182162559524287,insufficient_seed_support
S_0062353,3,0.28559335643223227,0.16120394117643153,0.4554463653182664,0.37330396038588726,0.6252993742043005,34.989839364078115,1.0,0.2929947041435854,0.032937281478394614,-0.0403386291897479,increase_diversity
S_0062354,3,0.28559335643223227,0.16120394117643153,0.4554463653182664,0.37330396038588726,0.6252993742043005,34.98983910702736,1.0,0.2929947041435854,0.032937281478394614,-0.0403386291897479,increase_diversity
S_0062361,1,-0.252371901428583,-0.252371901428583,-0.252371901428583,0.8649735207179272,0.6126016192893442,35.138665209892146,1.0,-0.01401059171282909,0.05463339442783155,-0.2929947041435854,insufficient_seed_support
S_0062362,1,-0.252371901428583,-0.252371901428583,-0.252371901428583,0.8649735207179272,0.6126016192893442,35.13866554062144,1.0,-0.01401059171282909,0.05463339442783155,-0.2929947041435854,insufficient_seed_support
S_0062571,1,-0.252371901428583,-0.252371901428583,-0.252371901428583,0.8649735207179272,0.6126016192893442,39.02882926825741,1.0,-0.01401059171282909,0.05463339442783155,-0.2929947041435854,insufficient_seed_support
S_0062572,1,-0.252371901428583,-0.252371901428583,-0.252371901428583,0.8649735207179272,0.6126016192893442,39.02882964483858,1.0,-0.01401059171282909,0.05463339442783155,-0.2929947041435854,insufficient_seed_support
S_0062649,1,-0.252371901428583,-0.252371901428583,-0.252371901428583,0.8649735207179272,0.6126016192893442,40.455029580719554,1.0,-0.01401059171282909,0.05463339442783155,-0.2929947041435854,insufficient_seed_support
S_0062655,1,-0.252371901428583,-0.252371901428583,-0.252371901428583,0.8649735207179272,0.6126016192893442,40.491930646349935,1.0,-0.01401059171282909,0.05463339442783155,-0.2929947041435854,insufficient_seed_support
S_0062764,1,0.157115704285749,0.157115704285749,0.157115704285749,0.4554859150035952,0.6126016192893442,42.795116111689744,1.0,0.04062280271500246,0.11649290157074652,0.0,insufficient_seed_support
S_0062765,1,0.157115704285749,0.157115704285749,0.157115704285749,0.4554859150035952,0.6126016192893442,42.86564608480327,1.0,0.04062280271500246,0.11649290157074652,0.0,insufficient_seed_support
S_0062865,1,-0.25731391048428165,-0.25731391048428165,-0.25731391048428165,0.8699155297736259,0.6126016192893442,45.2041531762599,1.0,0.007813508118597934,-0.012092597294105056,-0.2530348213087746,insufficient_seed_support
S_0062866,1,-0.25731391048428165,-0.25731391048428165,-0.25731391048428165,0.8699155297736259,0.6126016192893442,45.204153628456154,1.0,0.007813508118597934,-0.012092597294105056,-0.2530348213087746,insufficient_seed_support
S_0062894,1,-0.25731391048428165,-0.25731391048428165,-0.25731391048428165,0.8699155297736259,0.6126016192893442,45.844701784199124,1.0,0.007813508118597934,-0.012092597294105056,-0.2530348213087746,insufficient_seed_support
S_0062895,1,-0.25731391048428165,-0.25731391048428165,-0.25731391048428165,0.8699155297736259,0.6126016192893442,45.844702227993245,1.0,0.007813508118597934,-0.012092597294105056,-0.2530348213087746,insufficient_seed_support
S_0062898,1,-0.17708846285350321,-0.17708846285350321,-0.17708846285350321,0.7896900821428474,0.6126016192893442,45.88445789746285,1.0,0.06179588126334501,0.032937281478394614,-0.27182162559524287,insufficient_seed_support
S_0062899,1,-0.17708846285350321,-0.17708846285350321,-0.17708846285350321,0.7896900821428474,0.6126016192893442,45.88445831386294,1.0,0.06179588126334501,0.032937281478394614,-0.27182162559524287,insufficient_seed_support
S_0062919,1,0.03322145500364926,0.03322145500364926,0.03322145500364926,0.5793801642856949,0.6126016192893442,46.21226721184819,1.0,0.00028417352525456074,0.032937281478394614,0.0,insufficient_seed_support
S_0062923,1,0.03322145500364926,0.03322145500364926,0.03322145500364926,0.5793801642856949,0.6126016192893442,46.23317286883651,1.0,0.00028417352525456074,0.032937281478394614,0.0,insufficient_seed_support
S_0062924,1,-0.17708846285350321,-0.17708846285350321,-0.17708846285350321,0.7896900821428474,0.6126016192893442,46.24856530003557,1.0,0.06179588126334501,0.032937281478394614,-0.27182162559524287,insufficient_seed_support
S_0062925,1,-0.17708846285350321,-0.17708846285350321,-0.17708846285350321,0.7896900821428474,0.6126016192893442,46.25161125639478,1.0,0.06179588126334501,0.032937281478394614,-0.27182162559524287,insufficient_seed_support
S_0063038,1,-0.37330396038588726,-0.37330396038588726,-0.37330396038588726,0.37330396038588726,0.0,48.798638873979804,1.0,0.0,-0.12026913907711272,-0.2530348213087746,insufficient_seed_support
S_0063040,1,-0.37330396038588726,-0.37330396038588726,-0.37330396038588726,0.37330396038588726,0.0,48.84416745192292,1.0,0.0,-0.12026913907711272,-0.2530348213087746,insufficient_seed_support
S_0063049,3,0.28559335643223227,0.16120394117643153,0.4554463653182664,0.37330396038588726,0.6252993742043005,49.17079214352222,1.0,0.2929947041435854,0.032937281478394614,-0.0403386291897479,increase_diversity
S_0063050,3,0.28559335643223227,0.16120394117643153,0.4554463653182664,0.37330396038588726,0.6252993742043005,49.170791878346904,1.0,0.2929947041435854,0.032937281478394614,-0.0403386291897479,increase_diversity
S_0063106,2,0.0,0.0,0.0,0.7078578164321782,0.7078578164321782,50.381255374556524,,0.0,0.0,0.0,insufficient_seed_support
S_0063107,2,0.0,0.0,0.0,0.7078578164321782,0.7078578164321782,50.38125488750379,,0.0,0.0,0.0,insufficient_seed_support
S_0063143,2,0.0,0.0,0.0,0.7078578164321782,0.7078578164321782,51.46466759379778,,0.0,0.0,0.0,insufficient_seed_support
S_0063145,2,0.0,0.0,0.0,0.7078578164321782,0.7078578164321782,51.48638836805622,,0.0,0.0,0.0,insufficient_seed_support
S_0063156,3,0.28559335643223227,0.16120394117643153,0.4554463653182664,0.37330396038588726,0.6252993742043005,52.00212686412591,1.0,0.2929947041435854,0.032937281478394614,-0.0403386291897479,increase_diversity
S_0063158,3,0.28559335643223227,0.16120394117643153,0.4554463653182664,0.37330396038588726,0.6252993742043005,52.046408586892206,1.0,0.2929947041435854,0.032937281478394614,-0.0403386291897479,increase_diversity
S_0063186,1,-0.17708846285350321,-0.17708846285350321,-0.17708846285350321,0.7896900821428474,0.6126016192893442,52.94295654881282,1.0,0.06179588126334501,0.032937281478394614,-0.27182162559524287,insufficient_seed_support
S_0063188,1,-0.17708846285350321,-0.17708846285350321,-0.17708846285350321,0.7896900821428474,0.6126016192893442,52.95746058319437,1.0,0.06179588126334501,0.032937281478394614,-0.27182162559524287,insufficient_seed_support
S_0063441,3,0.28559335643223227,0.16120394117643153,0.4554463653182664,0.37330396038588726,0.6252993742043005,61.567693524523776,1.0,0.2929947041435854,0.032937281478394614,-0.0403386291897479,increase_diversity
S_0063443,1,-0.17708846285350321,-0.17708846285350321,-0.17708846285350321,0.7896900821428474,0.6126016192893442,61.58950224099201,1.0,0.06179588126334501,0.032937281478394614,-0.27182162559524287,insufficient_seed_support
S_0063444,1,-0.17708846285350321,-0.17708846285350321,-0.17708846285350321,0.7896900821428474,0.6126016192893442,61.58950282873328,1.0,0.06179588126334501,0.032937281478394614,-0.27182162559524287,insufficient_seed_support
S_0063447,3,0.28559335643223227,0.16120394117643153,0.4554463653182664,0.37330396038588726,0.6252993742043005,61.6432898225363,1.0,0.2929947041435854,0.032937281478394614,-0.0403386291897479,increase_diversity
S_0063585,2,0.3310569500624656,0.18393573799154822,0.47817816213338304,0.18665198019294363,0.5177089302554092,67.84179992493827,1.0,0.29994203343252923,0.15763232728432364,-0.1265174106543873,insufficient_seed_support
S_0063586,2,0.3310569500624656,0.18393573799154822,0.47817816213338304,0.18665198019294363,0.5177089302554092,67.91739546140455,1.0,0.29994203343252923,0.15763232728432364,-0.1265174106543873,insufficient_seed_support
S_0063630,1,-0.17708846285350321,-0.17708846285350321,-0.17708846285350321,0.7896900821428474,0.6126016192893442,69.7644610472795,1.0,0.06179588126334501,0.032937281478394614,-0.27182162559524287,insufficient_seed_support
S_0063631,1,-0.17708846285350321,-0.17708846285350321,-0.17708846285350321,0.7896900821428474,0.6126016192893442,69.76446042389072,1.0,0.06179588126334501,0.032937281478394614,-0.27182162559524287,insufficient_seed_support
S_0063648,1,0.157115704285749,0.157115704285749,0.157115704285749,0.4554859150035952,0.6126016192893442,70.60989545474098,1.0,0.04062280271500246,0.11649290157074652,0.0,insufficient_seed_support
S_0063649,1,0.157115704285749,0.157115704285749,0.157115704285749,0.4554859150035952,0.6126016192893442,70.6477019915419,1.0,0.04062280271500246,0.11649290157074652,0.0,insufficient_seed_support
S_0063660,1,-0.3808495535750662,-0.3808495535750662,-0.3808495535750662,0.9602297178607612,0.5793801642856949,71.30466088924636,1.0,-0.08757067590622616,-0.00028417352525456074,-0.2929947041435854,insufficient_seed_support
S_0063662,1,-0.3808495535750662,-0.3808495535750662,-0.3808495535750662,0.9602297178607612,0.5793801642856949,71.34754450456212,1.0,-0.08757067590622616,-0.00028417352525456074,-0.2929947041435854,insufficient_seed_support
S_0063670,1,-0.252371901428583,-0.252371901428583,-0.252371901428583,0.8649735207179272,0.6126016192893442,71.5727771731638,1.0,-0.01401059171282909,0.05463339442783155,-0.2929947041435854,insufficient_seed_support
S_0063674,1,-0.252371901428583,-0.252371901428583,-0.252371901428583,0.8649735207179272,0.6126016192893442,71.60458853634346,1.0,-0.01401059171282909,0.05463339442783155,-0.2929947041435854,insufficient_seed_support
S_0063811,1,0.157115704285749,0.157115704285749,0.157115704285749,0.4554859150035952,0.6126016192893442,78.74055977194386,1.0,0.04062280271500246,0.11649290157074652,0.0,insufficient_seed_support
S_0063812,1,0.157115704285749,0.157115704285749,0.157115704285749,0.4554859150035952,0.6126016192893442,78.74360447398219,1.0,0.04062280271500246,0.11649290157074652,0.0,insufficient_seed_support
S_0063883,1,-0.25731391048428165,-0.25731391048428165,-0.25731391048428165,0.8699155297736259,0.6126016192893442,82.055636015852,1.0,0.007813508118597934,-0.012092597294105056,-0.2530348213087746,insufficient_seed_support
S_0063884,1,-0.25731391048428165,-0.25731391048428165,-0.25731391048428165,0.8699155297736259,0.6126016192893442,82.05563681060232,1.0,0.007813508118597934,-0.012092597294105056,-0.2530348213087746,insufficient_seed_support
S_0063890,1,-0.3808495535750662,-0.3808495535750662,-0.3808495535750662,0.9602297178607612,0.5793801642856949,82.31189508422295,1.0,-0.08757067590622616,-0.00028417352525456074,-0.2929947041435854,insufficient_seed_support
S_0063893,1,-0.3808495535750662,-0.3808495535750662,-0.3808495535750662,0.9602297178607612,0.5793801642856949,82.35436373228693,1.0,-0.08757067590622616,-0.00028417352525456074,-0.2929947041435854,insufficient_seed_support
S_0064249,1,-0.25731391048428165,-0.25731391048428165,-0.25731391048428165,0.8699155297736259,0.6126016192893442,112.95382424898077,1.0,0.007813508118597934,-0.012092597294105056,-0.2530348213087746,insufficient_seed_support
S_0064250,1,-0.25731391048428165,-0.25731391048428165,-0.25731391048428165,0.8699155297736259,0.6126016192893442,112.95382534684673,1.0,0.007813508118597934,-0.012092597294105056,-0.2530348213087746,insufficient_seed_support
S_0064315,1,-0.17708846285350321,-0.17708846285350321,-0.17708846285350321,0.7896900821428474,0.6126016192893442,120.89797238470508,1.0,0.06179588126334501,0.032937281478394614,-0.27182162559524287,insufficient_seed_support
S_0064316,1,-0.17708846285350321,-0.17708846285350321,-0.17708846285350321,0.7896900821428474,0.6126016192893442,120.91161934002207,1.0,0.06179588126334501,0.032937281478394614,-0.27182162559524287,insufficient_seed_support
S_0064330,2,0.3310569500624656,0.18393573799154822,0.47817816213338304,0.18665198019294363,0.5177089302554092,122.64232545962284,1.0,0.29994203343252923,0.15763232728432364,-0.1265174106543873,insufficient_seed_support
S_0064331,2,0.3310569500624656,0.18393573799154822,0.47817816213338304,0.18665198019294363,0.5177089302554092,122.72912549548111,1.0,0.29994203343252923,0.15763232728432364,-0.1265174106543873,insufficient_seed_support
S_0064352,1,-0.25731391048428165,-0.25731391048428165,-0.25731391048428165,0.8699155297736259,0.6126016192893442,125.57738257006493,1.0,0.007813508118597934,-0.012092597294105056,-0.2530348213087746,insufficient_seed_support
S_0064353,1,-0.25731391048428165,-0.25731391048428165,-0.25731391048428165,0.8699155297736259,0.6126016192893442,125.57738378715005,1.0,0.007813508118597934,-0.012092597294105056,-0.2530348213087746,insufficient_seed_support
S_0064656,1,-0.252371901428583,-0.252371901428583,-0.252371901428583,0.8649735207179272,0.6126016192893442,240.74480310990464,1.0,-0.01401059171282909,0.05463339442783155,-0.2929947041435854,insufficient_seed_support
S_0064657,1,-0.252371901428583,-0.252371901428583,-0.252371901428583,0.8649735207179272,0.6126016192893442,240.74480528617286,1.0,-0.01401059171282909,0.05463339442783155,-0.2929947041435854,insufficient_seed_support
S_0022119,1,0.13444996132168263,0.13444996132168263,0.13444996132168263,0.41011848630651804,0.5445684476282007,68.62498842872454,1.0,0.053982373144747076,0.08046758817693558,0.0,insufficient_seed_support
S_0022121,1,0.08908253262460547,0.08908253262460547,0.08908253262460547,0.4554859150035952,0.5445684476282007,11.322937281745435,1.0,0.032809294596404526,0.056273238028200945,0.0,insufficient_seed_support
S_0022122,1,0.13444996132168263,0.13444996132168263,0.13444996132168263,0.41011848630651804,0.5445684476282007,59.965131233454954,1.0,0.053982373144747076,0.08046758817693558,0.0,insufficient_seed_support
S_0022129,1,0.12389424928209974,0.12389424928209974,0.12389424928209974,0.4554859150035952,0.5793801642856949,96.42222867560291,1.0,0.0403386291897479,0.0835556200923519,0.0,insufficient_seed_support
S_0022136,1,0.08908253262460547,0.08908253262460547,0.08908253262460547,0.4554859150035952,0.5445684476282007,15.312690998842124,1.0,0.032809294596404526,0.056273238028200945,0.0,insufficient_seed_support
S_0042826,1,0.06803317166114353,0.06803317166114353,0.06803317166114353,0.5445684476282007,0.6126016192893442,49.1126570708504,1.0,0.3336175068585879,0.06021966354254557,-0.32580399873998994,insufficient_seed_support
