seed,income_group,purpose_changed,destination_changed,mode_changed,route_jaccard_length
11,high,0.23529411764705882,0.9411764705882353,0.29411764705882354,0.006583736178074605
11,low,0.3888888888888889,0.9444444444444444,0.2222222222222222,0.09161045931486861
11,middle,0.0,0.5862068965517241,0.034482758620689655,0.8810778435400408
23,high,0.23529411764705882,1.0,0.35294117647058826,0.01841350954352029
23,low,0.4117647058823529,0.9411764705882353,0.35294117647058826,0.14782003310109135
23,middle,0.0,0.5901639344262295,0.0,0.9556103873191003
42,high,0.2222222222222222,1.0,0.3333333333333333,0.00841749830127672
42,low,0.38095238095238093,1.0,0.42857142857142855,0.012633700324629174
42,middle,0.0,0.5344827586206896,0.017241379310344827,0.9630038188029038
73,high,0.25,0.9375,0.25,0.04748983266776439
73,low,0.38095238095238093,0.9523809523809523,0.3333333333333333,0.06900954652732251
73,middle,0.0,0.45,0.016666666666666666,0.9999999999999998
101,high,0.2222222222222222,0.9444444444444444,0.3333333333333333,0.01769348949734907
101,low,0.4,0.9,0.4,0.05367178486223796
101,middle,0.0,0.46551724137931033,0.034482758620689655,0.9999999999999993
