scenario,income_group,mode,share
baseline,high,bike,0.11764705882352941
baseline,high,car,0.5
baseline,high,transit,0.3333333333333333
baseline,high,walk,0.05555555555555555
baseline,low,bike,0.09523809523809523
baseline,low,car,0.5294117647058824
baseline,low,transit,0.42857142857142855
baseline,low,walk,0.058823529411764705
baseline,middle,bike,0.08620689655172414
baseline,middle,car,0.5666666666666667
baseline,middle,transit,0.3448275862068966
baseline,middle,walk,0.016666666666666666
differentiated,high,bike,0.11437908496732026
differentiated,high,car,0.7222222222222222
differentiated,high,transit,0.058823529411764705
differentiated,high,walk,0.059027777777777776
differentiated,low,bike,0.1111111111111111
differentiated,low,car,0.19047619047619047
differentiated,low,transit,0.75
differentiated,low,walk,0.058823529411764705
differentiated,middle,bike,0.08620689655172414
differentiated,middle,car,0.5737704918032787
differentiated,middle,transit,0.3103448275862069
differentiated,middle,walk,0.016666666666666666
