mode,match_method,mapping_rows,modal_edges,analysis_segments,mean_match_quality,mode_modal_edges,modal_edge_share_pct
bike,exclusive,113,113,113,1.0,1966,5.747711088504578
bike,geometry,472,224,459,0.9943169910177484,1966,11.393692777212614
bike,osm_exact,1629,1629,1623,1.0,1966,82.8585961342828
car,exclusive,74,74,74,1.0,8222,0.9000243249817562
car,geometry,5319,1967,4746,0.9979599586623841,8222,23.92361955728533
car,osm_exact,6181,6181,5622,1.0,8222,75.17635611773291
transit,gtfs_exclusive_network,3216,431,1545,0.9998686954506107,2459,17.52745018300122
transit,gtfs_shape_geometry_fallback,2184,699,987,0.805775387825773,2459,28.426189507930054
transit,gtfs_shape_geometry_primary,5305,1329,2033,0.9129248445683589,2459,54.046360309068724
walk,reference,2068,2068,1981,1.0,2068,100.0
