scenario,agent_id,income_group,purpose,mode,origin_id,destination_id,od_distance_m,travel_distance_m,travel_time_s,route_to_od_ratio,transit_in_vehicle_distance_m,transit_in_vehicle_time_s,transit_n_transfers,direct_outlier,trigger_scenarios,exclusion_reason,distance_upper_fence_m,circuity_upper_fence,iqr_multiplier,detection_method,removal_scope
baseline,36,low,health,transit,7098.0,D_0001153,6182.020818037645,12209.063748341758,3236.404680641517,1.9749308693232892,10508.154699129942,1713.0,2,False,differentiated,paired_with_outlier_in_other_scenario,49552.908582400996,3.7867900499739298,3.0,pooled_joint_tukey_outer_fence,trajectory_analysis_only
baseline,42,high,shopping,transit,7017.0,D_0005752,5775.652852783235,24568.27804889117,2456.744707462014,4.253766400979577,23312.499497685574,1125.0,1,True,baseline,direct_transit_route_outlier,49552.908582400996,3.7867900499739298,3.0,pooled_joint_tukey_outer_fence,trajectory_analysis_only
baseline,72,middle,work,transit,7722.0,D_0011438,8873.116636005188,33812.228762023704,3819.3269987135936,3.8106372483396638,32932.758120254315,2747.0,1,True,baseline,direct_transit_route_outlier,49552.908582400996,3.7867900499739298,3.0,pooled_joint_tukey_outer_fence,trajectory_analysis_only
baseline,80,middle,shopping,transit,4721.0,D_0006315,3184.5037843561427,18908.151991560553,1867.4845524272387,5.937550485713581,17158.58757536454,555.0,0,True,baseline|differentiated,direct_transit_route_outlier,49552.908582400996,3.7867900499739298,3.0,pooled_joint_tukey_outer_fence,trajectory_analysis_only
baseline,89,low,education,transit,10786.0,D_0000070,10311.095428604927,64612.30735981884,4282.646412855807,6.266289339207558,62983.507388395126,2910.0,1,True,baseline,direct_transit_route_outlier,49552.908582400996,3.7867900499739298,3.0,pooled_joint_tukey_outer_fence,trajectory_analysis_only
baseline,90,middle,leisure,transit,3430.0,D_0002960,5472.67058900719,7553.700889908724,1914.1394221723458,1.3802586446700529,6998.259542390653,1112.0,1,False,differentiated,paired_with_outlier_in_other_scenario,49552.908582400996,3.7867900499739298,3.0,pooled_joint_tukey_outer_fence,trajectory_analysis_only
baseline,99,low,shopping,transit,9053.0,D_0006091,13502.676571890397,53479.99232044425,6121.658289128507,3.9606956469488304,52283.76017158796,3640.0,2,True,baseline,direct_transit_route_outlier,49552.908582400996,3.7867900499739298,3.0,pooled_joint_tukey_outer_fence,trajectory_analysis_only
differentiated,36,low,shopping,transit,7098.0,D_0005650,6489.437712227423,135055.72512381742,3743.5367347185893,20.81162207156175,133510.0311988977,2466.0,1,True,differentiated,direct_transit_route_outlier,49552.908582400996,3.7867900499739298,3.0,pooled_joint_tukey_outer_fence,trajectory_analysis_only
differentiated,42,high,shopping,car,7017.0,D_0005850,5902.139386846091,6490.4145937959465,,1.0996715205101604,,,0,False,baseline,paired_with_outlier_in_other_scenario,49552.908582400996,3.7867900499739298,3.0,pooled_joint_tukey_outer_fence,trajectory_analysis_only
differentiated,72,middle,work,transit,7722.0,D_0011439,9171.065174084266,33600.66203801869,3624.2079101385752,3.663768755342394,32932.758120254315,2703.0,1,False,baseline,paired_with_outlier_in_other_scenario,49552.908582400996,3.7867900499739298,3.0,pooled_joint_tukey_outer_fence,trajectory_analysis_only
differentiated,80,middle,shopping,transit,4721.0,D_0006322,2603.0498607821073,18130.607750346102,1312.0958087026302,6.965140400690832,17158.58757536454,555.0,0,True,baseline|differentiated,direct_transit_route_outlier,49552.908582400996,3.7867900499739298,3.0,pooled_joint_tukey_outer_fence,trajectory_analysis_only
differentiated,89,low,education,bike,10786.0,D_0000071,7090.493834123505,8466.350879884652,,1.1940424853258793,,,0,False,baseline,paired_with_outlier_in_other_scenario,49552.908582400996,3.7867900499739298,3.0,pooled_joint_tukey_outer_fence,trajectory_analysis_only
differentiated,90,middle,leisure,transit,3430.0,D_0002973,6654.540771676695,31806.840569009713,2763.941350371573,4.779719842485176,31139.35369959735,1659.0,1,True,differentiated,direct_transit_route_outlier,49552.908582400996,3.7867900499739298,3.0,pooled_joint_tukey_outer_fence,trajectory_analysis_only
differentiated,99,low,shopping,transit,9053.0,D_0006567,8874.953773695115,12593.19483943528,2882.9738366638085,1.4189589219902004,11728.502155767463,1926.0,1,False,baseline,paired_with_outlier_in_other_scenario,49552.908582400996,3.7867900499739298,3.0,pooled_joint_tukey_outer_fence,trajectory_analysis_only
