scenario,agent_id,income_group,purpose,mode,origin_id,destination_id,direct_spatial_mapping_failure,n_unmapped_connections,transit_route_ids,transit_trip_ids,trigger_scenarios,exclusion_reason,removal_scope
baseline,2,middle,shopping,transit,4667.0,D_0006801,True,5,T12|T5,T12-2@1#722|T5-1@1#822,baseline|differentiated,direct_transit_spatial_mapping_failure,trajectory_analysis_only
baseline,10,middle,work,transit,8654.0,D_0014060,True,6,5203,5203-1@1#811,baseline|differentiated,direct_transit_spatial_mapping_failure,trajectory_analysis_only
baseline,11,low,education,transit,8409.0,D_0000394,True,9,3973|A952|T1,3973-1@1#755|A952-1@1#756|T1-1@1#813,baseline|differentiated,direct_transit_spatial_mapping_failure,trajectory_analysis_only
baseline,18,middle,leisure,transit,9376.0,D_0002182,True,7,3973|495|T6,3973-1@1#755|495-1@1#746|T6-1@1#753,baseline,direct_transit_spatial_mapping_failure,trajectory_analysis_only
baseline,22,middle,shopping,transit,4679.0,D_0006484,True,4,T12,T12-2@1#722,baseline|differentiated,direct_transit_spatial_mapping_failure,trajectory_analysis_only
baseline,25,low,leisure,car,9074.0,D_0004533,False,0,,,differentiated,paired_with_spatial_mapping_failure_in_other_scenario,trajectory_analysis_only
baseline,26,middle,education,transit,1536.0,D_0000160,True,3,5203|B55,5203-2@1#816|B55-1@1#745,baseline|differentiated,direct_transit_spatial_mapping_failure,trajectory_analysis_only
baseline,27,middle,work,transit,9409.0,D_0014259,True,2,T10,T10-1@1#803,baseline|differentiated,direct_transit_spatial_mapping_failure,trajectory_analysis_only
baseline,29,middle,leisure,transit,8378.0,D_0002479,True,11,3946|621|T10,3946-1@1#824|621-2@1#855|T10-2@1#838,baseline|differentiated,direct_transit_spatial_mapping_failure,trajectory_analysis_only
baseline,33,high,education,transit,5464.0,D_0000271,True,1,T6,T6-2@1#753,baseline,direct_transit_spatial_mapping_failure,trajectory_analysis_only
baseline,34,middle,work,transit,10204.0,D_0013383,True,3,862|T1,862-1@1#750|T1-1@1#813,baseline|differentiated,direct_transit_spatial_mapping_failure,trajectory_analysis_only
baseline,35,low,shopping,car,8389.0,D_0007507,False,0,,,differentiated,paired_with_spatial_mapping_failure_in_other_scenario,trajectory_analysis_only
baseline,36,middle,education,transit,8629.0,D_0000170,True,1,621,621-2@1#807,baseline|differentiated,direct_transit_spatial_mapping_failure,trajectory_analysis_only
baseline,38,middle,shopping,transit,4791.0,D_0006812,True,2,5203,5203-1@1#746,baseline|differentiated,direct_transit_spatial_mapping_failure,trajectory_analysis_only
baseline,39,low,work,transit,5367.0,D_0012174,True,6,398,398-1@1#741,baseline|differentiated,direct_transit_spatial_mapping_failure,trajectory_analysis_only
baseline,44,low,work,transit,1458.0,D_0013164,True,3,E703,E703-1@1#840,baseline|differentiated,direct_transit_spatial_mapping_failure,trajectory_analysis_only
baseline,46,low,education,car,7103.0,D_0000765,False,0,,,differentiated,paired_with_spatial_mapping_failure_in_other_scenario,trajectory_analysis_only
baseline,48,high,work,transit,2107.0,D_0012897,True,9,346|3946,346-2@1#811|3946-2@1#820,baseline,direct_transit_spatial_mapping_failure,trajectory_analysis_only
baseline,50,low,work,transit,4213.0,D_0011030,True,7,T12A,T12A-1@1#819,baseline|differentiated,direct_transit_spatial_mapping_failure,trajectory_analysis_only
baseline,51,high,health,transit,4816.0,D_0001212,True,6,T2A|T6,T2A-1@1#801|T6-1@1#745,baseline,direct_transit_spatial_mapping_failure,trajectory_analysis_only
baseline,53,low,work,car,6941.0,D_0018568,False,0,,,differentiated,paired_with_spatial_mapping_failure_in_other_scenario,trajectory_analysis_only
baseline,58,middle,work,transit,4820.0,D_0014968,True,1,6102,6102-1@1#719,baseline|differentiated,direct_transit_spatial_mapping_failure,trajectory_analysis_only
baseline,59,middle,work,transit,2702.0,D_0011048,True,3,211,211-1@1#720,baseline|differentiated,direct_transit_spatial_mapping_failure,trajectory_analysis_only
baseline,62,low,leisure,car,10934.0,D_0003300,False,0,,,differentiated,paired_with_spatial_mapping_failure_in_other_scenario,trajectory_analysis_only
baseline,66,low,work,car,4230.0,D_0014857,False,0,,,differentiated,paired_with_spatial_mapping_failure_in_other_scenario,trajectory_analysis_only
baseline,70,low,shopping,transit,2029.0,D_0006907,True,2,T11,T11-1@1#735,baseline|differentiated,direct_transit_spatial_mapping_failure,trajectory_analysis_only
baseline,72,high,shopping,transit,4779.0,D_0006668,True,2,T9,T9-2@1#729,baseline,direct_transit_spatial_mapping_failure,trajectory_analysis_only
baseline,74,middle,shopping,transit,9205.0,D_0006200,True,3,3973,3973-1@1#736,baseline|differentiated,direct_transit_spatial_mapping_failure,trajectory_analysis_only
baseline,76,middle,work,transit,3363.0,D_0012770,True,3,T3,T3-1@1#744,baseline|differentiated,direct_transit_spatial_mapping_failure,trajectory_analysis_only
baseline,77,middle,health,transit,7472.0,D_0001341,True,14,2672|T3,2672-1@1#732|T3-2@1#834,baseline|differentiated,direct_transit_spatial_mapping_failure,trajectory_analysis_only
baseline,84,low,work,transit,5329.0,D_0011269,True,14,2601|272|470|T6,2601-1@1#755|272-1@1#730|470-2@1#824|T6-2@1#828,baseline|differentiated,direct_transit_spatial_mapping_failure,trajectory_analysis_only
baseline,86,middle,leisure,transit,915.0,D_0002284,True,9,268|2802,268-1@1#730|2802-1@1#805,baseline|differentiated,direct_transit_spatial_mapping_failure,trajectory_analysis_only
baseline,88,low,work,transit,9334.0,D_0014261,True,1,495,495-1@1#746,baseline|differentiated,direct_transit_spatial_mapping_failure,trajectory_analysis_only
baseline,89,middle,work,transit,7063.0,D_0011218,True,1,T4,T4-1@1#804,baseline|differentiated,direct_transit_spatial_mapping_failure,trajectory_analysis_only
baseline,91,middle,education,transit,8639.0,D_0000144,True,1,T6,T6-1@1#753,baseline|differentiated,direct_transit_spatial_mapping_failure,trajectory_analysis_only
baseline,92,low,leisure,car,8383.0,D_0004235,False,0,,,differentiated,paired_with_spatial_mapping_failure_in_other_scenario,trajectory_analysis_only
baseline,93,middle,work,transit,4720.0,D_0013942,True,2,T8,T8-2@1#740,baseline|differentiated,direct_transit_spatial_mapping_failure,trajectory_analysis_only
baseline,94,low,work,car,10792.0,D_0013553,False,0,,,differentiated,paired_with_spatial_mapping_failure_in_other_scenario,trajectory_analysis_only
baseline,95,low,shopping,transit,9338.0,D_0006156,True,6,495|E178|T6,495-1@1#746|E178-1@1#854|T6-1@1#753,baseline|differentiated,direct_transit_spatial_mapping_failure,trajectory_analysis_only
baseline,97,middle,work,transit,2177.0,D_0013318,True,4,2701,2701-2@1#810,baseline|differentiated,direct_transit_spatial_mapping_failure,trajectory_analysis_only
differentiated,2,middle,shopping,transit,4667.0,D_0006806,True,3,T11,T11-2@1#737,baseline|differentiated,direct_transit_spatial_mapping_failure,trajectory_analysis_only
differentiated,10,middle,work,transit,8654.0,D_0014060,True,6,5203,5203-1@1#811,baseline|differentiated,direct_transit_spatial_mapping_failure,trajectory_analysis_only
differentiated,11,low,education,transit,8409.0,D_0000403,True,2,286,286-2@1#720,baseline|differentiated,direct_transit_spatial_mapping_failure,trajectory_analysis_only
differentiated,18,middle,leisure,bike,9376.0,D_0002182,False,0,,,baseline,paired_with_spatial_mapping_failure_in_other_scenario,trajectory_analysis_only
differentiated,22,middle,shopping,transit,4679.0,D_0006491,True,6,397,397-1@1#731,baseline|differentiated,direct_transit_spatial_mapping_failure,trajectory_analysis_only
differentiated,25,low,leisure,transit,9074.0,D_0004563,True,8,T12A,T12A-2@1#759,differentiated,direct_transit_spatial_mapping_failure,trajectory_analysis_only
differentiated,26,middle,education,transit,1536.0,D_0000160,True,3,5203|B55,5203-2@1#816|B55-1@1#745,baseline|differentiated,direct_transit_spatial_mapping_failure,trajectory_analysis_only
differentiated,27,middle,work,transit,9409.0,D_0014259,True,2,T10,T10-1@1#803,baseline|differentiated,direct_transit_spatial_mapping_failure,trajectory_analysis_only
differentiated,29,middle,leisure,transit,8378.0,D_0002466,True,9,3946|621|T10,3946-1@1#824|621-2@1#855|T10-2@1#838,baseline|differentiated,direct_transit_spatial_mapping_failure,trajectory_analysis_only
differentiated,33,high,shopping,car,5464.0,D_0006422,False,0,,,baseline,paired_with_spatial_mapping_failure_in_other_scenario,trajectory_analysis_only
differentiated,34,middle,work,transit,10204.0,D_0013383,True,3,862|T1,862-1@1#750|T1-1@1#813,baseline|differentiated,direct_transit_spatial_mapping_failure,trajectory_analysis_only
differentiated,35,low,shopping,transit,8389.0,D_0007917,True,16,289|T12A,289-2@1#725|T12A-1@1#753,differentiated,direct_transit_spatial_mapping_failure,trajectory_analysis_only
differentiated,36,middle,education,transit,8629.0,D_0000170,True,1,621,621-2@1#807,baseline|differentiated,direct_transit_spatial_mapping_failure,trajectory_analysis_only
differentiated,38,middle,shopping,transit,4791.0,D_0006813,True,1,5203,5203-1@1#746,baseline|differentiated,direct_transit_spatial_mapping_failure,trajectory_analysis_only
differentiated,39,low,work,transit,5367.0,D_0012169,True,5,375,375-1@1#750,baseline|differentiated,direct_transit_spatial_mapping_failure,trajectory_analysis_only
differentiated,44,low,work,transit,1458.0,D_0013163,True,3,E703,E703-1@1#840,baseline|differentiated,direct_transit_spatial_mapping_failure,trajectory_analysis_only
differentiated,46,low,work,transit,7103.0,D_0018575,True,7,B02|T5,B02-1@1#730|T5-1@1#822,differentiated,direct_transit_spatial_mapping_failure,trajectory_analysis_only
differentiated,48,high,work,car,2107.0,D_0012918,False,0,,,baseline,paired_with_spatial_mapping_failure_in_other_scenario,trajectory_analysis_only
differentiated,50,low,work,transit,4213.0,D_0011022,True,9,4382,4382-2@1#831,baseline|differentiated,direct_transit_spatial_mapping_failure,trajectory_analysis_only
differentiated,51,high,health,car,4816.0,D_0001215,False,0,,,baseline,paired_with_spatial_mapping_failure_in_other_scenario,trajectory_analysis_only
differentiated,53,low,work,transit,6941.0,D_0018520,True,23,T12A,T12A-1@1#753,differentiated,direct_transit_spatial_mapping_failure,trajectory_analysis_only
differentiated,58,middle,work,transit,4820.0,D_0014970,True,1,6102,6102-1@1#719,baseline|differentiated,direct_transit_spatial_mapping_failure,trajectory_analysis_only
differentiated,59,middle,work,transit,2702.0,D_0011048,True,3,211,211-1@1#720,baseline|differentiated,direct_transit_spatial_mapping_failure,trajectory_analysis_only
differentiated,62,low,health,transit,10934.0,D_0001464,True,9,621|6372,621-1@1#750|6372-1@1#750,differentiated,direct_transit_spatial_mapping_failure,trajectory_analysis_only
differentiated,66,low,work,transit,4230.0,D_0014805,True,12,189|E703,189-2@1#800|E703-2@1#740,differentiated,direct_transit_spatial_mapping_failure,trajectory_analysis_only
differentiated,70,low,education,transit,2029.0,D_0000383,True,10,5203|T3,5203-2@1#828|T3-2@1#758,baseline|differentiated,direct_transit_spatial_mapping_failure,trajectory_analysis_only
differentiated,72,high,shopping,car,4779.0,D_0006697,False,0,,,baseline,paired_with_spatial_mapping_failure_in_other_scenario,trajectory_analysis_only
differentiated,74,middle,shopping,transit,9205.0,D_0006195,True,5,3973,3973-1@1#736,baseline|differentiated,direct_transit_spatial_mapping_failure,trajectory_analysis_only
differentiated,76,middle,work,transit,3363.0,D_0012770,True,3,T3,T3-1@1#744,baseline|differentiated,direct_transit_spatial_mapping_failure,trajectory_analysis_only
differentiated,77,middle,health,transit,7472.0,D_0001341,True,14,2672|T3,2672-1@1#732|T3-2@1#834,baseline|differentiated,direct_transit_spatial_mapping_failure,trajectory_analysis_only
differentiated,84,low,work,transit,5329.0,D_0011254,True,13,2601|272|T6,2601-1@1#755|272-1@1#730|T6-2@1#828,baseline|differentiated,direct_transit_spatial_mapping_failure,trajectory_analysis_only
differentiated,86,middle,leisure,transit,915.0,D_0002280,True,9,268|2802,268-1@1#730|2802-1@1#805,baseline|differentiated,direct_transit_spatial_mapping_failure,trajectory_analysis_only
differentiated,88,low,work,transit,9334.0,D_0014236,True,1,495,495-1@1#746,baseline|differentiated,direct_transit_spatial_mapping_failure,trajectory_analysis_only
differentiated,89,middle,work,transit,7063.0,D_0011218,True,1,T4,T4-1@1#804,baseline|differentiated,direct_transit_spatial_mapping_failure,trajectory_analysis_only
differentiated,91,middle,education,transit,8639.0,D_0000144,True,1,T6,T6-1@1#753,baseline|differentiated,direct_transit_spatial_mapping_failure,trajectory_analysis_only
differentiated,92,low,health,transit,8383.0,D_0001694,True,3,286|375,286-2@1#740|375-2@1#809,differentiated,direct_transit_spatial_mapping_failure,trajectory_analysis_only
differentiated,93,middle,work,transit,4720.0,D_0013942,True,2,T8,T8-2@1#740,baseline|differentiated,direct_transit_spatial_mapping_failure,trajectory_analysis_only
differentiated,94,low,work,transit,10792.0,D_0013472,True,2,731|B02,731-1@1#815|B02-1@1#820,differentiated,direct_transit_spatial_mapping_failure,trajectory_analysis_only
differentiated,95,low,shopping,transit,9338.0,D_0006085,True,2,494,494-2@1#737,baseline|differentiated,direct_transit_spatial_mapping_failure,trajectory_analysis_only
differentiated,97,middle,work,transit,2177.0,D_0013320,True,4,2701,2701-2@1#810,baseline|differentiated,direct_transit_spatial_mapping_failure,trajectory_analysis_only
