sample_id,origin_id,destination_id,origin_walk_node,destination_walk_node,status,service_date,departure_time_s,arrival_time_s,total_travel_time_s,access_stop_id,egress_stop_id,access_walk_distance_m,access_walk_time_s,initial_wait_time_s,in_vehicle_time_s,transfer_and_dwell_time_s,n_boardings,n_transfers,egress_walk_distance_m,egress_walk_time_s,n_access_walk_edges,n_egress_walk_edges,n_transit_connections,mean_in_vehicle_time_per_connection_s,transit_connection_ids,transit_trip_ids,transit_route_ids
1,2002.0,D_0011951,4462525943,320803361,ok,2025-09-12,28800,32257,3456.81248244139,997,4712,677.4717222723268,483.90837305166207,27.09162694833867,2232.0,528.0,6,5,260.1374754179481,185.81248244139152,13,5,83,26.89156626506024,211-1@1#720:62:63|211-1@1#720:63:64|211-1@1#720:64:65|211-1@1#720:65:66|211-1@1#720:66:67|211-1@1#720:67:68|211-1@1#720:68:69|211-1@1#720:69:70|211-1@1#720:70:71|211-1@1#720:71:72|211-1@1#720:72:73|211-1@1#720:73:74|211-1@1#720:74:75|211-1@1#720:75:76|211-1@1#720:76:77|T5-2@1#823:7:8|T5-2@1#823:8:9|T5-2@1#823:9:10|T5-2@1#823:10:11|T5-2@1#823:11:12|T5-2@1#823:12:13|T5-2@1#823:13:14|T5-2@1#823:14:15|T5-2@1#823:15:16|T5-2@1#823:16:17|T5-2@1#823:17:18|T5-2@1#823:18:19|T5-2@1#823:19:20|T5-2@1#823:20:21|T5-2@1#823:21:22|T5-2@1#823:22:23|T5-2@1#823:23:24|T5-2@1#823:24:25|T5-2@1#823:25:26|T5-2@1#823:26:27|T5-2@1#823:27:28|T5-2@1#823:28:29|T5-2@1#823:29:30|T5-2@1#823:30:31|T5-2@1#823:31:32|T5-2@1#823:32:33|T5-2@1#823:33:34|T5-2@1#823:34:35|T5-2@1#823:35:36|T5-2@1#823:36:37|T5-2@1#823:37:38|T5-2@1#823:38:39|T5-2@1#823:39:40|6102-2@1#813:18:19|6102-2@1#813:19:20|6102-2@1#813:20:21|621-2@1#815:14:15|621-2@1#815:15:16|621-2@1#815:16:17|621-2@1#815:17:18|621-2@1#815:18:19|621-2@1#815:19:20|621-2@1#815:20:21|621-2@1#815:21:22|621-2@1#815:22:23|621-2@1#815:23:24|621-2@1#815:24:25|621-2@1#815:25:26|621-2@1#815:26:27|632-2@1#814:27:28|632-2@1#814:28:29|632-2@1#814:29:30|632-2@1#814:30:31|632-2@1#814:31:32|632-2@1#814:32:33|632-2@1#814:33:34|T6-2@1#805:46:47|T6-2@1#805:47:48|T6-2@1#805:48:49|T6-2@1#805:49:50|T6-2@1#805:50:51|T6-2@1#805:51:52|T6-2@1#805:52:53|T6-2@1#805:53:54|T6-2@1#805:54:55|T6-2@1#805:55:56|T6-2@1#805:56:57|T6-2@1#805:57:58,211-1@1#720|211-1@1#720|211-1@1#720|211-1@1#720|211-1@1#720|211-1@1#720|211-1@1#720|211-1@1#720|211-1@1#720|211-1@1#720|211-1@1#720|211-1@1#720|211-1@1#720|211-1@1#720|211-1@1#720|T5-2@1#823|T5-2@1#823|T5-2@1#823|T5-2@1#823|T5-2@1#823|T5-2@1#823|T5-2@1#823|T5-2@1#823|T5-2@1#823|T5-2@1#823|T5-2@1#823|T5-2@1#823|T5-2@1#823|T5-2@1#823|T5-2@1#823|T5-2@1#823|T5-2@1#823|T5-2@1#823|T5-2@1#823|T5-2@1#823|T5-2@1#823|T5-2@1#823|T5-2@1#823|T5-2@1#823|T5-2@1#823|T5-2@1#823|T5-2@1#823|T5-2@1#823|T5-2@1#823|T5-2@1#823|T5-2@1#823|T5-2@1#823|T5-2@1#823|6102-2@1#813|6102-2@1#813|6102-2@1#813|621-2@1#815|621-2@1#815|621-2@1#815|621-2@1#815|621-2@1#815|621-2@1#815|621-2@1#815|621-2@1#815|621-2@1#815|621-2@1#815|621-2@1#815|621-2@1#815|621-2@1#815|632-2@1#814|632-2@1#814|632-2@1#814|632-2@1#814|632-2@1#814|632-2@1#814|632-2@1#814|T6-2@1#805|T6-2@1#805|T6-2@1#805|T6-2@1#805|T6-2@1#805|T6-2@1#805|T6-2@1#805|T6-2@1#805|T6-2@1#805|T6-2@1#805|T6-2@1#805|T6-2@1#805,211|211|211|211|211|211|211|211|211|211|211|211|211|211|211|T5|T5|T5|T5|T5|T5|T5|T5|T5|T5|T5|T5|T5|T5|T5|T5|T5|T5|T5|T5|T5|T5|T5|T5|T5|T5|T5|T5|T5|T5|T5|T5|T5|6102|6102|6102|621|621|621|621|621|621|621|621|621|621|621|621|621|632|632|632|632|632|632|632|T6|T6|T6|T6|T6|T6|T6|T6|T6|T6|T6|T6
2,9404.0,D_0022147,4455422510,2027227922,ok,2025-09-12,28800,32873,4073.335323328545,3487,930,501.78509230328945,358.4179230737782,61.58207692622091,1578.0,1302.0,3,2,1082.6694526599626,773.3353233285447,13,10,99,15.93939393939394,756-1@1#759:15:16|756-1@1#759:16:17|756-1@1#759:17:18|756-1@1#759:18:19|756-1@1#759:19:20|756-1@1#759:20:21|756-1@1#759:21:22|756-1@1#759:22:23|756-1@1#759:23:24|756-1@1#759:24:25|756-1@1#759:25:26|756-1@1#759:26:27|756-1@1#759:27:28|756-1@1#759:28:29|756-1@1#759:29:30|756-1@1#759:30:31|B02-1@1#800:38:39|B02-1@1#800:39:40|B02-1@1#800:40:41|B02-1@1#800:41:42|B02-1@1#800:42:43|B02-1@1#800:43:44|B02-1@1#800:44:45|B02-1@1#800:45:46|B02-1@1#800:46:47|B02-1@1#800:47:48|B02-1@1#800:48:49|B02-1@1#800:49:50|B02-1@1#800:50:51|B02-1@1#800:51:52|B02-1@1#800:52:53|B02-1@1#800:53:54|B02-1@1#800:54:55|B02-1@1#800:55:56|B02-1@1#800:56:57|B02-1@1#800:57:58|B02-1@1#800:58:59|B02-1@1#800:59:60|T11-1@1#855:1:2|T11-1@1#855:2:3|T11-1@1#855:3:4|T11-1@1#855:4:5|T11-1@1#855:5:6|T11-1@1#855:6:7|T11-1@1#855:7:8|T11-1@1#855:8:9|T11-1@1#855:9:10|T11-1@1#855:10:11|T11-1@1#855:11:12|T11-1@1#855:12:13|T11-1@1#855:13:14|T11-1@1#855:14:15|T11-1@1#855:15:16|T11-1@1#855:16:17|T11-1@1#855:17:18|T11-1@1#855:18:19|T11-1@1#855:19:20|T11-1@1#855:20:21|T11-1@1#855:21:22|T11-1@1#855:22:23|T11-1@1#855:23:24|T11-1@1#855:24:25|T11-1@1#855:25:26|T11-1@1#855:26:27|T11-1@1#855:27:28|T11-1@1#855:28:29|T11-1@1#855:29:30|T11-1@1#855:30:31|T11-1@1#855:31:32|T11-1@1#855:32:33|T11-1@1#855:33:34|T11-1@1#855:34:35|T11-1@1#855:35:36|T11-1@1#855:36:37|T11-1@1#855:37:38|T11-1@1#855:38:39|T11-1@1#855:39:40|T11-1@1#855:40:41|T11-1@1#855:41:42|T11-1@1#855:42:43|T11-1@1#855:43:44|T11-1@1#855:44:45|T11-1@1#855:45:46|T11-1@1#855:46:47|T11-1@1#855:47:48|T11-1@1#855:48:49|T11-1@1#855:49:50|T11-1@1#855:50:51|T11-1@1#855:51:52|T11-1@1#855:52:53|T11-1@1#855:53:54|T11-1@1#855:54:55|T11-1@1#855:55:56|T11-1@1#855:56:57|T11-1@1#855:57:58|T11-1@1#855:58:59|T11-1@1#855:59:60|T11-1@1#855:60:61|T11-1@1#855:61:62,756-1@1#759|756-1@1#759|756-1@1#759|756-1@1#759|756-1@1#759|756-1@1#759|756-1@1#759|756-1@1#759|756-1@1#759|756-1@1#759|756-1@1#759|756-1@1#759|756-1@1#759|756-1@1#759|756-1@1#759|756-1@1#759|B02-1@1#800|B02-1@1#800|B02-1@1#800|B02-1@1#800|B02-1@1#800|B02-1@1#800|B02-1@1#800|B02-1@1#800|B02-1@1#800|B02-1@1#800|B02-1@1#800|B02-1@1#800|B02-1@1#800|B02-1@1#800|B02-1@1#800|B02-1@1#800|B02-1@1#800|B02-1@1#800|B02-1@1#800|B02-1@1#800|B02-1@1#800|B02-1@1#800|T11-1@1#855|T11-1@1#855|T11-1@1#855|T11-1@1#855|T11-1@1#855|T11-1@1#855|T11-1@1#855|T11-1@1#855|T11-1@1#855|T11-1@1#855|T11-1@1#855|T11-1@1#855|T11-1@1#855|T11-1@1#855|T11-1@1#855|T11-1@1#855|T11-1@1#855|T11-1@1#855|T11-1@1#855|T11-1@1#855|T11-1@1#855|T11-1@1#855|T11-1@1#855|T11-1@1#855|T11-1@1#855|T11-1@1#855|T11-1@1#855|T11-1@1#855|T11-1@1#855|T11-1@1#855|T11-1@1#855|T11-1@1#855|T11-1@1#855|T11-1@1#855|T11-1@1#855|T11-1@1#855|T11-1@1#855|T11-1@1#855|T11-1@1#855|T11-1@1#855|T11-1@1#855|T11-1@1#855|T11-1@1#855|T11-1@1#855|T11-1@1#855|T11-1@1#855|T11-1@1#855|T11-1@1#855|T11-1@1#855|T11-1@1#855|T11-1@1#855|T11-1@1#855|T11-1@1#855|T11-1@1#855|T11-1@1#855|T11-1@1#855|T11-1@1#855|T11-1@1#855|T11-1@1#855|T11-1@1#855|T11-1@1#855,756|756|756|756|756|756|756|756|756|756|756|756|756|756|756|756|B02|B02|B02|B02|B02|B02|B02|B02|B02|B02|B02|B02|B02|B02|B02|B02|B02|B02|B02|B02|B02|B02|T11|T11|T11|T11|T11|T11|T11|T11|T11|T11|T11|T11|T11|T11|T11|T11|T11|T11|T11|T11|T11|T11|T11|T11|T11|T11|T11|T11|T11|T11|T11|T11|T11|T11|T11|T11|T11|T11|T11|T11|T11|T11|T11|T11|T11|T11|T11|T11|T11|T11|T11|T11|T11|T11|T11|T11|T11|T11|T11|T11|T11
3,7849.0,D_0016702,319489544,1199277026,ok,2025-09-12,28800,32280,3480.3626136910643,5279,5993,1.922836942057411,1.3734549586124365,23.626545041388454,2119.0,1096.0,6,5,336.50765916749026,240.3626136910645,0,7,81,26.160493827160494,T1-1@1#759:3:4|T1-1@1#759:4:5|T1-1@1#759:5:6|T1-1@1#759:6:7|T1-1@1#759:7:8|T1-1@1#759:8:9|T1-1@1#759:9:10|T1-1@1#759:10:11|615-1@1#735:35:36|615-1@1#735:36:37|615-1@1#735:37:38|615-1@1#735:38:39|615-1@1#735:39:40|615-1@1#735:40:41|615-1@1#735:41:42|615-1@1#735:42:43|615-1@1#735:43:44|615-1@1#735:44:45|615-1@1#735:45:46|615-1@1#735:46:47|721-1@1#735:59:60|721-1@1#735:60:61|721-1@1#735:61:62|721-1@1#735:62:63|721-1@1#735:63:64|721-1@1#735:64:65|C2-1@1#835:1:2|C2-1@1#835:2:3|255-2@1#840:1:2|255-2@1#840:2:3|255-2@1#840:3:4|255-2@1#840:4:5|255-2@1#840:5:6|255-2@1#840:6:7|255-2@1#840:7:8|255-2@1#840:8:9|255-2@1#840:9:10|255-2@1#840:10:11|255-2@1#840:11:12|255-2@1#840:12:13|345-2@1#852:3:4|345-2@1#852:4:5|345-2@1#852:5:6|345-2@1#852:6:7|345-2@1#852:7:8|345-2@1#852:8:9|345-2@1#852:9:10|345-2@1#852:10:11|345-2@1#852:11:12|345-2@1#852:12:13|345-2@1#852:13:14|345-2@1#852:14:15|345-2@1#852:15:16|345-2@1#852:16:17|345-2@1#852:17:18|345-2@1#852:18:19|345-2@1#852:19:20|345-2@1#852:20:21|345-2@1#852:21:22|345-2@1#852:22:23|345-2@1#852:23:24|345-2@1#852:24:25|345-2@1#852:25:26|345-2@1#852:26:27|345-2@1#852:27:28|345-2@1#852:28:29|345-2@1#852:29:30|345-2@1#852:30:31|345-2@1#852:31:32|345-2@1#852:32:33|345-2@1#852:33:34|345-2@1#852:34:35|345-2@1#852:35:36|345-2@1#852:36:37|345-2@1#852:37:38|345-2@1#852:38:39|345-2@1#852:39:40|345-2@1#852:40:41|345-2@1#852:41:42|345-2@1#852:42:43|345-2@1#852:43:44,T1-1@1#759|T1-1@1#759|T1-1@1#759|T1-1@1#759|T1-1@1#759|T1-1@1#759|T1-1@1#759|T1-1@1#759|615-1@1#735|615-1@1#735|615-1@1#735|615-1@1#735|615-1@1#735|615-1@1#735|615-1@1#735|615-1@1#735|615-1@1#735|615-1@1#735|615-1@1#735|615-1@1#735|721-1@1#735|721-1@1#735|721-1@1#735|721-1@1#735|721-1@1#735|721-1@1#735|C2-1@1#835|C2-1@1#835|255-2@1#840|255-2@1#840|255-2@1#840|255-2@1#840|255-2@1#840|255-2@1#840|255-2@1#840|255-2@1#840|255-2@1#840|255-2@1#840|255-2@1#840|255-2@1#840|345-2@1#852|345-2@1#852|345-2@1#852|345-2@1#852|345-2@1#852|345-2@1#852|345-2@1#852|345-2@1#852|345-2@1#852|345-2@1#852|345-2@1#852|345-2@1#852|345-2@1#852|345-2@1#852|345-2@1#852|345-2@1#852|345-2@1#852|345-2@1#852|345-2@1#852|345-2@1#852|345-2@1#852|345-2@1#852|345-2@1#852|345-2@1#852|345-2@1#852|345-2@1#852|345-2@1#852|345-2@1#852|345-2@1#852|345-2@1#852|345-2@1#852|345-2@1#852|345-2@1#852|345-2@1#852|345-2@1#852|345-2@1#852|345-2@1#852|345-2@1#852|345-2@1#852|345-2@1#852|345-2@1#852,T1|T1|T1|T1|T1|T1|T1|T1|615|615|615|615|615|615|615|615|615|615|615|615|721|721|721|721|721|721|C2|C2|255|255|255|255|255|255|255|255|255|255|255|255|345|345|345|345|345|345|345|345|345|345|345|345|345|345|345|345|345|345|345|345|345|345|345|345|345|345|345|345|345|345|345|345|345|345|345|345|345|345|345|345|345
4,5394.0,D_0017278,473697498,4464834895,ok,2025-09-12,28800,32499,3699.4643739177664,2027,19,772.4133696024827,551.7238354303448,214.27616456965552,1521.0,706.0,5,4,989.0501234848743,706.4643739177675,14,18,97,15.68041237113402,T2-1@1#745:37:38|T2-1@1#745:38:39|T2-1@1#745:39:40|T2-1@1#745:40:41|T2-1@1#745:41:42|T2-1@1#745:42:43|T2-1@1#745:43:44|T2-1@1#745:44:45|T2-1@1#745:45:46|T2-1@1#745:46:47|T2-1@1#745:47:48|2811-1@1#825:63:64|2811-1@1#825:64:65|2811-1@1#825:65:66|2811-1@1#825:66:67|2811-1@1#825:67:68|2811-1@1#825:68:69|2811-1@1#825:69:70|2811-1@1#825:70:71|2811-1@1#825:71:72|2811-1@1#825:72:73|2811-1@1#825:73:74|2811-1@1#825:74:75|2811-1@1#825:75:76|2811-1@1#825:76:77|2811-1@1#825:77:78|2811-1@1#825:78:79|2811-1@1#825:79:80|2811-1@1#825:80:81|375-2@1#833:1:2|171-2@1#835:1:2|171-2@1#835:2:3|171-2@1#835:3:4|171-2@1#835:4:5|171-2@1#835:5:6|171-2@1#835:6:7|171-2@1#835:7:8|171-2@1#835:8:9|171-2@1#835:9:10|171-2@1#835:10:11|171-2@1#835:11:12|171-2@1#835:12:13|171-2@1#835:13:14|171-2@1#835:14:15|171-2@1#835:15:16|171-2@1#835:16:17|171-2@1#835:17:18|171-2@1#835:18:19|171-2@1#835:19:20|171-2@1#835:20:21|171-2@1#835:21:22|171-2@1#835:22:23|171-2@1#835:23:24|171-2@1#835:24:25|171-2@1#835:25:26|171-2@1#835:26:27|171-2@1#835:27:28|171-2@1#835:28:29|171-2@1#835:29:30|171-2@1#835:30:31|171-2@1#835:31:32|171-2@1#835:32:33|171-2@1#835:33:34|171-2@1#835:34:35|171-2@1#835:35:36|171-2@1#835:36:37|171-2@1#835:37:38|171-2@1#835:38:39|171-2@1#835:39:40|171-2@1#835:40:41|171-2@1#835:41:42|171-2@1#835:42:43|171-2@1#835:43:44|171-2@1#835:44:45|171-2@1#835:45:46|171-2@1#835:46:47|171-2@1#835:47:48|176-2@1#800:55:56|176-2@1#800:56:57|176-2@1#800:57:58|176-2@1#800:58:59|176-2@1#800:59:60|176-2@1#800:60:61|176-2@1#800:61:62|176-2@1#800:62:63|176-2@1#800:63:64|176-2@1#800:64:65|176-2@1#800:65:66|176-2@1#800:66:67|176-2@1#800:67:68|176-2@1#800:68:69|176-2@1#800:69:70|176-2@1#800:70:71|176-2@1#800:71:72|176-2@1#800:72:73|176-2@1#800:73:74|176-2@1#800:74:75,T2-1@1#745|T2-1@1#745|T2-1@1#745|T2-1@1#745|T2-1@1#745|T2-1@1#745|T2-1@1#745|T2-1@1#745|T2-1@1#745|T2-1@1#745|T2-1@1#745|2811-1@1#825|2811-1@1#825|2811-1@1#825|2811-1@1#825|2811-1@1#825|2811-1@1#825|2811-1@1#825|2811-1@1#825|2811-1@1#825|2811-1@1#825|2811-1@1#825|2811-1@1#825|2811-1@1#825|2811-1@1#825|2811-1@1#825|2811-1@1#825|2811-1@1#825|2811-1@1#825|375-2@1#833|171-2@1#835|171-2@1#835|171-2@1#835|171-2@1#835|171-2@1#835|171-2@1#835|171-2@1#835|171-2@1#835|171-2@1#835|171-2@1#835|171-2@1#835|171-2@1#835|171-2@1#835|171-2@1#835|171-2@1#835|171-2@1#835|171-2@1#835|171-2@1#835|171-2@1#835|171-2@1#835|171-2@1#835|171-2@1#835|171-2@1#835|171-2@1#835|171-2@1#835|171-2@1#835|171-2@1#835|171-2@1#835|171-2@1#835|171-2@1#835|171-2@1#835|171-2@1#835|171-2@1#835|171-2@1#835|171-2@1#835|171-2@1#835|171-2@1#835|171-2@1#835|171-2@1#835|171-2@1#835|171-2@1#835|171-2@1#835|171-2@1#835|171-2@1#835|171-2@1#835|171-2@1#835|171-2@1#835|176-2@1#800|176-2@1#800|176-2@1#800|176-2@1#800|176-2@1#800|176-2@1#800|176-2@1#800|176-2@1#800|176-2@1#800|176-2@1#800|176-2@1#800|176-2@1#800|176-2@1#800|176-2@1#800|176-2@1#800|176-2@1#800|176-2@1#800|176-2@1#800|176-2@1#800|176-2@1#800,T2|T2|T2|T2|T2|T2|T2|T2|T2|T2|T2|2811|2811|2811|2811|2811|2811|2811|2811|2811|2811|2811|2811|2811|2811|2811|2811|2811|2811|375|171|171|171|171|171|171|171|171|171|171|171|171|171|171|171|171|171|171|171|171|171|171|171|171|171|171|171|171|171|171|171|171|171|171|171|171|171|171|171|171|171|171|171|171|171|171|171|176|176|176|176|176|176|176|176|176|176|176|176|176|176|176|176|176|176|176|176
5,5349.0,D_0016287,3326259544,940524678,ok,2025-09-12,28800,33244,4443.716282098809,2475,4642,1494.335673129006,1067.3826236635757,203.61737633642406,2190.0,755.0,5,4,318.80279493833484,227.7162820988106,11,4,75,29.2,2541-1@1#820:2:3|2541-1@1#820:3:4|2541-1@1#820:4:5|253-1@1#826:8:9|253-1@1#826:9:10|253-1@1#826:10:11|253-1@1#826:11:12|253-1@1#826:12:13|253-1@1#826:13:14|253-1@1#826:14:15|253-1@1#826:15:16|253-1@1#826:16:17|253-1@1#826:17:18|253-1@1#826:18:19|253-1@1#826:19:20|253-1@1#826:20:21|253-1@1#826:21:22|253-1@1#826:22:23|253-1@1#826:23:24|253-1@1#826:24:25|253-1@1#826:25:26|253-1@1#826:26:27|253-1@1#826:27:28|253-1@1#826:28:29|253-1@1#826:29:30|253-1@1#826:30:31|253-1@1#826:31:32|253-1@1#826:32:33|253-1@1#826:33:34|253-1@1#826:34:35|253-1@1#826:35:36|253-1@1#826:36:37|253-1@1#826:37:38|253-1@1#826:38:39|253-1@1#826:39:40|253-1@1#826:40:41|253-1@1#826:41:42|353-1@1#731:56:57|T7-2@1#820:16:17|T7-2@1#820:17:18|496-2@1#832:6:7|496-2@1#832:7:8|496-2@1#832:8:9|496-2@1#832:9:10|496-2@1#832:10:11|496-2@1#832:11:12|496-2@1#832:12:13|496-2@1#832:13:14|496-2@1#832:14:15|496-2@1#832:15:16|496-2@1#832:16:17|496-2@1#832:17:18|496-2@1#832:18:19|496-2@1#832:19:20|496-2@1#832:20:21|496-2@1#832:21:22|496-2@1#832:22:23|496-2@1#832:23:24|496-2@1#832:24:25|496-2@1#832:25:26|496-2@1#832:26:27|496-2@1#832:27:28|496-2@1#832:28:29|496-2@1#832:29:30|496-2@1#832:30:31|496-2@1#832:31:32|496-2@1#832:32:33|496-2@1#832:33:34|496-2@1#832:34:35|496-2@1#832:35:36|496-2@1#832:36:37|496-2@1#832:37:38|496-2@1#832:38:39|496-2@1#832:39:40|496-2@1#832:40:41,2541-1@1#820|2541-1@1#820|2541-1@1#820|253-1@1#826|253-1@1#826|253-1@1#826|253-1@1#826|253-1@1#826|253-1@1#826|253-1@1#826|253-1@1#826|253-1@1#826|253-1@1#826|253-1@1#826|253-1@1#826|253-1@1#826|253-1@1#826|253-1@1#826|253-1@1#826|253-1@1#826|253-1@1#826|253-1@1#826|253-1@1#826|253-1@1#826|253-1@1#826|253-1@1#826|253-1@1#826|253-1@1#826|253-1@1#826|253-1@1#826|253-1@1#826|253-1@1#826|253-1@1#826|253-1@1#826|253-1@1#826|253-1@1#826|253-1@1#826|353-1@1#731|T7-2@1#820|T7-2@1#820|496-2@1#832|496-2@1#832|496-2@1#832|496-2@1#832|496-2@1#832|496-2@1#832|496-2@1#832|496-2@1#832|496-2@1#832|496-2@1#832|496-2@1#832|496-2@1#832|496-2@1#832|496-2@1#832|496-2@1#832|496-2@1#832|496-2@1#832|496-2@1#832|496-2@1#832|496-2@1#832|496-2@1#832|496-2@1#832|496-2@1#832|496-2@1#832|496-2@1#832|496-2@1#832|496-2@1#832|496-2@1#832|496-2@1#832|496-2@1#832|496-2@1#832|496-2@1#832|496-2@1#832|496-2@1#832|496-2@1#832,2541|2541|2541|253|253|253|253|253|253|253|253|253|253|253|253|253|253|253|253|253|253|253|253|253|253|253|253|253|253|253|253|253|253|253|253|253|253|353|T7|T7|496|496|496|496|496|496|496|496|496|496|496|496|496|496|496|496|496|496|496|496|496|496|496|496|496|496|496|496|496|496|496|496|496|496|496
6,10652.0,D_0017844,298274188,2129191213,ok,2025-09-12,28800,32772,3971.7352521124267,4474,2074,638.360987457603,455.97213389828784,94.02786610171097,2689.0,168.0,3,2,790.6293529574001,564.7352521124287,4,11,71,37.87323943661972,T12A-2@1#759:18:19|T12A-2@1#759:19:20|T12A-2@1#759:20:21|T12A-2@1#759:21:22|T12A-2@1#759:22:23|T12A-2@1#759:23:24|T12A-2@1#759:24:25|T12A-2@1#759:25:26|T12A-2@1#759:26:27|T12A-2@1#759:27:28|T12A-2@1#759:28:29|T12A-2@1#759:29:30|T12A-2@1#759:30:31|T12A-2@1#759:31:32|T12A-2@1#759:32:33|T12A-2@1#759:33:34|T12A-2@1#759:34:35|T12A-2@1#759:35:36|T12A-2@1#759:36:37|T12A-2@1#759:37:38|T12A-2@1#759:38:39|T12A-2@1#759:39:40|T12A-2@1#759:40:41|T12A-2@1#759:41:42|T12A-2@1#759:42:43|T12A-2@1#759:43:44|T12A-2@1#759:44:45|T12A-2@1#759:45:46|T12A-2@1#759:46:47|T12A-2@1#759:47:48|T12A-2@1#759:48:49|T12A-2@1#759:49:50|T12A-2@1#759:50:51|T12A-2@1#759:51:52|T12A-2@1#759:52:53|T12A-2@1#759:53:54|T12A-2@1#759:54:55|T12A-2@1#759:55:56|T12A-2@1#759:56:57|T12A-2@1#759:57:58|T12A-2@1#759:58:59|T12A-2@1#759:59:60|T12A-2@1#759:60:61|T12A-2@1#759:61:62|T12A-2@1#759:62:63|T12A-2@1#759:63:64|T12A-2@1#759:64:65|T12A-2@1#759:65:66|T12A-2@1#759:66:67|T12A-2@1#759:67:68|T12A-2@1#759:68:69|T12A-2@1#759:69:70|T12A-2@1#759:70:71|T12A-2@1#759:71:72|T12A-2@1#759:72:73|T12A-2@1#759:73:74|T12A-2@1#759:74:75|344-1@1#825:21:22|344-1@1#825:22:23|344-1@1#825:23:24|344-1@1#825:24:25|344-1@1#825:25:26|344-1@1#825:26:27|344-1@1#825:27:28|344-1@1#825:28:29|344-1@1#825:29:30|2671-1@1#740:104:105|2671-1@1#740:105:106|2671-1@1#740:106:107|2671-1@1#740:107:108|2671-1@1#740:108:109,T12A-2@1#759|T12A-2@1#759|T12A-2@1#759|T12A-2@1#759|T12A-2@1#759|T12A-2@1#759|T12A-2@1#759|T12A-2@1#759|T12A-2@1#759|T12A-2@1#759|T12A-2@1#759|T12A-2@1#759|T12A-2@1#759|T12A-2@1#759|T12A-2@1#759|T12A-2@1#759|T12A-2@1#759|T12A-2@1#759|T12A-2@1#759|T12A-2@1#759|T12A-2@1#759|T12A-2@1#759|T12A-2@1#759|T12A-2@1#759|T12A-2@1#759|T12A-2@1#759|T12A-2@1#759|T12A-2@1#759|T12A-2@1#759|T12A-2@1#759|T12A-2@1#759|T12A-2@1#759|T12A-2@1#759|T12A-2@1#759|T12A-2@1#759|T12A-2@1#759|T12A-2@1#759|T12A-2@1#759|T12A-2@1#759|T12A-2@1#759|T12A-2@1#759|T12A-2@1#759|T12A-2@1#759|T12A-2@1#759|T12A-2@1#759|T12A-2@1#759|T12A-2@1#759|T12A-2@1#759|T12A-2@1#759|T12A-2@1#759|T12A-2@1#759|T12A-2@1#759|T12A-2@1#759|T12A-2@1#759|T12A-2@1#759|T12A-2@1#759|T12A-2@1#759|344-1@1#825|344-1@1#825|344-1@1#825|344-1@1#825|344-1@1#825|344-1@1#825|344-1@1#825|344-1@1#825|344-1@1#825|2671-1@1#740|2671-1@1#740|2671-1@1#740|2671-1@1#740|2671-1@1#740,T12A|T12A|T12A|T12A|T12A|T12A|T12A|T12A|T12A|T12A|T12A|T12A|T12A|T12A|T12A|T12A|T12A|T12A|T12A|T12A|T12A|T12A|T12A|T12A|T12A|T12A|T12A|T12A|T12A|T12A|T12A|T12A|T12A|T12A|T12A|T12A|T12A|T12A|T12A|T12A|T12A|T12A|T12A|T12A|T12A|T12A|T12A|T12A|T12A|T12A|T12A|T12A|T12A|T12A|T12A|T12A|T12A|344|344|344|344|344|344|344|344|344|2671|2671|2671|2671|2671
7,1981.0,D_0011650,8716771824,8520472901,ok,2025-09-12,28800,31813,3013.215458547518,916,4846,20.80374261716017,14.859816155114409,135.14018384488736,2340.0,508.0,4,3,21.301641966526056,15.215458547518612,0,0,94,24.893617021276597,2681-1@1#710:78:79|2681-1@1#710:79:80|2681-1@1#710:80:81|2681-1@1#710:81:82|2681-1@1#710:82:83|2681-1@1#710:83:84|2681-1@1#710:84:85|2681-1@1#710:85:86|2681-1@1#710:86:87|2681-1@1#710:87:88|2681-1@1#710:88:89|2681-1@1#710:89:90|2681-1@1#710:90:91|2681-1@1#710:91:92|2681-1@1#710:92:93|2681-1@1#710:93:94|2681-1@1#710:94:95|2681-1@1#710:95:96|2681-1@1#710:96:97|2681-1@1#710:97:98|2681-1@1#710:98:99|T5-2@1#823:7:8|T5-2@1#823:8:9|T5-2@1#823:9:10|T5-2@1#823:10:11|T5-2@1#823:11:12|T5-2@1#823:12:13|T5-2@1#823:13:14|T5-2@1#823:14:15|T5-2@1#823:15:16|T5-2@1#823:16:17|T5-2@1#823:17:18|T5-2@1#823:18:19|T5-2@1#823:19:20|T5-2@1#823:20:21|T5-2@1#823:21:22|T5-2@1#823:22:23|T5-2@1#823:23:24|T5-2@1#823:24:25|T5-2@1#823:25:26|T5-2@1#823:26:27|T5-2@1#823:27:28|T5-2@1#823:28:29|T5-2@1#823:29:30|T5-2@1#823:30:31|T5-2@1#823:31:32|T5-2@1#823:32:33|T5-2@1#823:33:34|T5-2@1#823:34:35|T5-2@1#823:35:36|T5-2@1#823:36:37|T5-2@1#823:37:38|T5-2@1#823:38:39|T5-2@1#823:39:40|6102-2@1#813:18:19|6102-2@1#813:19:20|6102-2@1#813:20:21|621-2@1#815:14:15|621-2@1#815:15:16|621-2@1#815:16:17|621-2@1#815:17:18|621-2@1#815:18:19|621-2@1#815:19:20|621-2@1#815:20:21|621-2@1#815:21:22|621-2@1#815:22:23|621-2@1#815:23:24|621-2@1#815:24:25|621-2@1#815:25:26|621-2@1#815:26:27|621-2@1#815:27:28|621-2@1#815:28:29|621-2@1#815:29:30|621-2@1#815:30:31|621-2@1#815:31:32|621-2@1#815:32:33|621-2@1#815:33:34|621-2@1#815:34:35|621-2@1#815:35:36|621-2@1#815:36:37|621-2@1#815:37:38|621-2@1#815:38:39|621-2@1#815:39:40|621-2@1#815:40:41|621-2@1#815:41:42|621-2@1#815:42:43|621-2@1#815:43:44|621-2@1#815:44:45|621-2@1#815:45:46|621-2@1#815:46:47|621-2@1#815:47:48|621-2@1#815:48:49|621-2@1#815:49:50|621-2@1#815:50:51,2681-1@1#710|2681-1@1#710|2681-1@1#710|2681-1@1#710|2681-1@1#710|2681-1@1#710|2681-1@1#710|2681-1@1#710|2681-1@1#710|2681-1@1#710|2681-1@1#710|2681-1@1#710|2681-1@1#710|2681-1@1#710|2681-1@1#710|2681-1@1#710|2681-1@1#710|2681-1@1#710|2681-1@1#710|2681-1@1#710|2681-1@1#710|T5-2@1#823|T5-2@1#823|T5-2@1#823|T5-2@1#823|T5-2@1#823|T5-2@1#823|T5-2@1#823|T5-2@1#823|T5-2@1#823|T5-2@1#823|T5-2@1#823|T5-2@1#823|T5-2@1#823|T5-2@1#823|T5-2@1#823|T5-2@1#823|T5-2@1#823|T5-2@1#823|T5-2@1#823|T5-2@1#823|T5-2@1#823|T5-2@1#823|T5-2@1#823|T5-2@1#823|T5-2@1#823|T5-2@1#823|T5-2@1#823|T5-2@1#823|T5-2@1#823|T5-2@1#823|T5-2@1#823|T5-2@1#823|T5-2@1#823|6102-2@1#813|6102-2@1#813|6102-2@1#813|621-2@1#815|621-2@1#815|621-2@1#815|621-2@1#815|621-2@1#815|621-2@1#815|621-2@1#815|621-2@1#815|621-2@1#815|621-2@1#815|621-2@1#815|621-2@1#815|621-2@1#815|621-2@1#815|621-2@1#815|621-2@1#815|621-2@1#815|621-2@1#815|621-2@1#815|621-2@1#815|621-2@1#815|621-2@1#815|621-2@1#815|621-2@1#815|621-2@1#815|621-2@1#815|621-2@1#815|621-2@1#815|621-2@1#815|621-2@1#815|621-2@1#815|621-2@1#815|621-2@1#815|621-2@1#815|621-2@1#815|621-2@1#815|621-2@1#815,2681|2681|2681|2681|2681|2681|2681|2681|2681|2681|2681|2681|2681|2681|2681|2681|2681|2681|2681|2681|2681|T5|T5|T5|T5|T5|T5|T5|T5|T5|T5|T5|T5|T5|T5|T5|T5|T5|T5|T5|T5|T5|T5|T5|T5|T5|T5|T5|T5|T5|T5|T5|T5|T5|6102|6102|6102|621|621|621|621|621|621|621|621|621|621|621|621|621|621|621|621|621|621|621|621|621|621|621|621|621|621|621|621|621|621|621|621|621|621|621|621|621
8,8428.0,D_0002908,1413132546,445086918,ok,2025-09-12,28800,30579,1778.7499809599285,2557,3603,593.1696268778841,423.6925906270601,176.30740937294104,79.0,853.0,3,2,345.4499733438995,246.74998095992822,4,2,101,0.7821782178217822,289-1@1#810:9:10|289-1@1#810:10:11|289-1@1#810:11:12|289-1@1#810:12:13|289-1@1#810:13:14|289-1@1#810:14:15|289-1@1#810:15:16|289-1@1#810:16:17|289-1@1#810:17:18|289-1@1#810:18:19|289-1@1#810:19:20|289-1@1#810:20:21|289-1@1#810:21:22|289-1@1#810:22:23|289-1@1#810:23:24|289-1@1#810:24:25|289-1@1#810:25:26|289-1@1#810:26:27|289-1@1#810:27:28|289-1@1#810:28:29|289-1@1#810:29:30|289-1@1#810:30:31|289-1@1#810:31:32|289-1@1#810:32:33|289-1@1#810:33:34|289-1@1#810:34:35|289-1@1#810:35:36|289-1@1#810:36:37|289-1@1#810:37:38|289-1@1#810:38:39|289-1@1#810:39:40|289-1@1#810:40:41|289-1@1#810:41:42|289-1@1#810:42:43|289-1@1#810:43:44|289-1@1#810:44:45|289-1@1#810:45:46|289-1@1#810:46:47|289-1@1#810:47:48|289-1@1#810:48:49|289-1@1#810:49:50|289-1@1#810:50:51|289-1@1#810:51:52|289-1@1#810:52:53|289-1@1#810:53:54|289-1@1#810:54:55|289-1@1#810:55:56|289-1@1#810:56:57|289-1@1#810:57:58|289-1@1#810:58:59|289-1@1#810:59:60|289-1@1#810:60:61|289-1@1#810:61:62|289-1@1#810:62:63|289-1@1#810:63:64|289-1@1#810:64:65|289-1@1#810:65:66|289-1@1#810:66:67|289-1@1#810:67:68|289-1@1#810:68:69|289-1@1#810:69:70|289-1@1#810:70:71|289-1@1#810:71:72|289-1@1#810:72:73|289-1@1#810:73:74|289-1@1#810:74:75|T5-2@1#823:7:8|T5-2@1#823:8:9|T5-2@1#823:9:10|T5-2@1#823:10:11|T5-2@1#823:11:12|T5-2@1#823:12:13|T5-2@1#823:13:14|T5-2@1#823:14:15|T5-2@1#823:15:16|T5-2@1#823:16:17|T5-2@1#823:17:18|T5-2@1#823:18:19|T5-2@1#823:19:20|T5-2@1#823:20:21|T5-2@1#823:21:22|T5-2@1#823:22:23|T5-2@1#823:23:24|T5-2@1#823:24:25|T5-2@1#823:25:26|T5-2@1#823:26:27|T5-2@1#823:27:28|T5-2@1#823:28:29|T5-2@1#823:29:30|T5-2@1#823:30:31|T5-2@1#823:31:32|T5-2@1#823:32:33|T5-2@1#823:33:34|T5-2@1#823:34:35|T5-2@1#823:35:36|T5-2@1#823:36:37|T5-2@1#823:37:38|T5-2@1#823:38:39|T5-2@1#823:39:40|6102-2@1#813:18:19|6102-2@1#813:19:20,289-1@1#810|289-1@1#810|289-1@1#810|289-1@1#810|289-1@1#810|289-1@1#810|289-1@1#810|289-1@1#810|289-1@1#810|289-1@1#810|289-1@1#810|289-1@1#810|289-1@1#810|289-1@1#810|289-1@1#810|289-1@1#810|289-1@1#810|289-1@1#810|289-1@1#810|289-1@1#810|289-1@1#810|289-1@1#810|289-1@1#810|289-1@1#810|289-1@1#810|289-1@1#810|289-1@1#810|289-1@1#810|289-1@1#810|289-1@1#810|289-1@1#810|289-1@1#810|289-1@1#810|289-1@1#810|289-1@1#810|289-1@1#810|289-1@1#810|289-1@1#810|289-1@1#810|289-1@1#810|289-1@1#810|289-1@1#810|289-1@1#810|289-1@1#810|289-1@1#810|289-1@1#810|289-1@1#810|289-1@1#810|289-1@1#810|289-1@1#810|289-1@1#810|289-1@1#810|289-1@1#810|289-1@1#810|289-1@1#810|289-1@1#810|289-1@1#810|289-1@1#810|289-1@1#810|289-1@1#810|289-1@1#810|289-1@1#810|289-1@1#810|289-1@1#810|289-1@1#810|289-1@1#810|T5-2@1#823|T5-2@1#823|T5-2@1#823|T5-2@1#823|T5-2@1#823|T5-2@1#823|T5-2@1#823|T5-2@1#823|T5-2@1#823|T5-2@1#823|T5-2@1#823|T5-2@1#823|T5-2@1#823|T5-2@1#823|T5-2@1#823|T5-2@1#823|T5-2@1#823|T5-2@1#823|T5-2@1#823|T5-2@1#823|T5-2@1#823|T5-2@1#823|T5-2@1#823|T5-2@1#823|T5-2@1#823|T5-2@1#823|T5-2@1#823|T5-2@1#823|T5-2@1#823|T5-2@1#823|T5-2@1#823|T5-2@1#823|T5-2@1#823|6102-2@1#813|6102-2@1#813,289|289|289|289|289|289|289|289|289|289|289|289|289|289|289|289|289|289|289|289|289|289|289|289|289|289|289|289|289|289|289|289|289|289|289|289|289|289|289|289|289|289|289|289|289|289|289|289|289|289|289|289|289|289|289|289|289|289|289|289|289|289|289|289|289|289|T5|T5|T5|T5|T5|T5|T5|T5|T5|T5|T5|T5|T5|T5|T5|T5|T5|T5|T5|T5|T5|T5|T5|T5|T5|T5|T5|T5|T5|T5|T5|T5|T5|6102|6102
9,3216.0,D_0019063,6159355047,2633498776,ok,2025-09-12,28800,30995,2194.7483404884915,724,142,1173.121346854105,837.9438191815036,89.05618081849752,821.0,95.0,2,1,492.4476766838884,351.74834048849175,20,5,13,63.15384615384615,R10-2@1#745:17:18|110-2@1#745:53:54|110-2@1#745:54:55|110-2@1#745:55:56|110-2@1#745:56:57|110-2@1#745:57:58|110-2@1#745:58:59|110-2@1#745:59:60|110-2@1#745:60:61|110-2@1#745:61:62|110-2@1#745:62:63|110-2@1#745:63:64|110-2@1#745:64:65,R10-2@1#745|110-2@1#745|110-2@1#745|110-2@1#745|110-2@1#745|110-2@1#745|110-2@1#745|110-2@1#745|110-2@1#745|110-2@1#745|110-2@1#745|110-2@1#745|110-2@1#745,R10|110|110|110|110|110|110|110|110|110|110|110|110
10,2032.0,D_0010224,4471984276,297233440,ok,2025-09-12,28800,30494,1694.236329542524,1021,2176,838.807813887931,599.1484384913794,7.851561508621671,620.0,153.0,2,1,439.9308613595354,314.2363295425253,12,5,35,17.714285714285715,211-1@1#720:64:65|211-1@1#720:65:66|211-1@1#720:66:67|211-1@1#720:67:68|211-1@1#720:68:69|211-1@1#720:69:70|211-1@1#720:70:71|211-1@1#720:71:72|211-1@1#720:72:73|211-1@1#720:73:74|211-1@1#720:74:75|211-1@1#720:75:76|211-1@1#720:76:77|T5-2@1#823:7:8|T5-2@1#823:8:9|T5-2@1#823:9:10|T5-2@1#823:10:11|T5-2@1#823:11:12|T5-2@1#823:12:13|T5-2@1#823:13:14|T5-2@1#823:14:15|T5-2@1#823:15:16|T5-2@1#823:16:17|T5-2@1#823:17:18|T5-2@1#823:18:19|T5-2@1#823:19:20|T5-2@1#823:20:21|T5-2@1#823:21:22|T5-2@1#823:22:23|T5-2@1#823:23:24|T5-2@1#823:24:25|T5-2@1#823:25:26|T5-2@1#823:26:27|T5-2@1#823:27:28|T5-2@1#823:28:29,211-1@1#720|211-1@1#720|211-1@1#720|211-1@1#720|211-1@1#720|211-1@1#720|211-1@1#720|211-1@1#720|211-1@1#720|211-1@1#720|211-1@1#720|211-1@1#720|211-1@1#720|T5-2@1#823|T5-2@1#823|T5-2@1#823|T5-2@1#823|T5-2@1#823|T5-2@1#823|T5-2@1#823|T5-2@1#823|T5-2@1#823|T5-2@1#823|T5-2@1#823|T5-2@1#823|T5-2@1#823|T5-2@1#823|T5-2@1#823|T5-2@1#823|T5-2@1#823|T5-2@1#823|T5-2@1#823|T5-2@1#823|T5-2@1#823|T5-2@1#823,211|211|211|211|211|211|211|211|211|211|211|211|211|T5|T5|T5|T5|T5|T5|T5|T5|T5|T5|T5|T5|T5|T5|T5|T5|T5|T5|T5|T5|T5|T5
