connection_id,shape_id,geometry_status,geometry_length_m
3973-1@1#736:37:38,3973-1,ok,164.4888076745755
3973-1@1#736:38:39,3973-1,ok,198.316592970106
E703-1@1#800:3:4,E703-1,ok,811.2939388373219
3973-1@1#736:39:40,3973-1,ok,391.9301264780401
3973-1@1#736:40:41,3973-1,ok,311.83273766155196
T1-1@1#745:26:27,T1-1,ok,181.16292742862015
756-1@1#740:37:38,756-1,ok,171.25137849123342
3973-1@1#736:41:42,3973-1,ok,300.602945721266
756-1@1#740:38:39,756-1,ok,266.0329726685985
T1-1@1#745:27:28,T1-1,ok,185.56509586868685
T9-2@1#729:38:39,T9-2,ok,216.02370375123232
110-1@1#803:2:3,110-1,ok,201.4032439135167
282-1@1#745:22:23,282-1,ok,131.1304098494961
3973-1@1#736:42:43,3973-1,ok,281.2651132964105
756-1@1#740:39:40,756-1,ok,141.75277185543987
T1-1@1#745:28:29,T1-1,ok,294.00782131226055
621-1@1#750:22:23,621-1,ok,348.86581972131427
282-1@1#745:23:24,282-1,ok,135.99024866264315
T12A-2@1#759:10:11,T12A-2,ok,177.2671919268372
756-1@1#740:40:41,756-1,ok,149.15938039798607
110-1@1#803:3:4,110-1,ok,166.90138752319226
T9-2@1#729:39:40,T9-2,ok,290.0425999937841
3973-1@1#736:43:44,3973-1,ok,191.71629804919004
2601-1@1#755:15:16,2601-1,ok,95.83255163719407
756-1@1#740:41:42,756-1,ok,220.17775799276194
T1-1@1#745:29:30,T1-1,ok,199.56265205886078
621-1@1#750:23:24,621-1,ok,215.98637553045347
T12A-2@1#759:11:12,T12A-2,ok,224.54010347048842
110-1@1#803:4:5,110-1,ok,532.0013332965102
3973-1@1#736:44:45,3973-1,ok,242.95447605525547
756-1@1#740:42:43,756-1,ok,374.4779635278887
2601-1@1#755:16:17,2601-1,ok,279.173549826537
T9-2@1#729:40:41,T9-2,ok,191.0182821112645
T1-1@1#745:30:31,T1-1,ok,209.06952155851852
T12A-2@1#759:12:13,T12A-2,ok,300.31962983189413
621-1@1#750:24:25,621-1,ok,328.7625040379058
E703-2@1#740:34:35,E703-2,ok,242.73510999460652
110-1@1#803:5:6,110-1,ok,152.53133601890264
110-1@1#706:84:85,110-1,nonpositive_shape_progress,
3973-1@1#736:45:46,3973-1,ok,458.08334025797205
2601-1@1#755:17:18,2601-1,ok,337.04156782798003
5203-1@1#746:23:24,5203-1,ok,312.98904798079514
T12A-2@1#759:13:14,T12A-2,ok,406.36587099006596
756-1@1#740:43:44,756-1,ok,385.7181018882304
T1-1@1#745:31:32,T1-1,ok,264.3100170522497
756-2@1#730:44:45,756-2,ok,104.96210598020647
621-1@1#750:25:26,621-1,ok,172.8313931637829
T9-2@1#729:41:42,T9-2,ok,124.20142715335815
E703-2@1#740:35:36,E703-2,ok,250.75728084206827
756-2@1#730:45:46,756-2,ok,241.9603510385383
110-1@1#803:6:7,110-1,ok,228.4649980309886
3973-1@1#736:46:47,3973-1,ok,508.6613402989941
110-1@1#706:85:86,110-1,ok,222.89927961500203
2601-1@1#755:18:19,2601-1,ok,263.53911687031007
T12A-2@1#759:14:15,T12A-2,ok,184.07851910095957
T7-2@1#806:2:3,T7-2,ok,239.74988322109527
621-1@1#750:26:27,621-1,ok,177.34957188764204
T1-1@1#745:32:33,T1-1,ok,380.4559862750435
5203-1@1#746:24:25,5203-1,ok,123.97181105197176
2802-1@1#805:4:5,2802-1,ok,207.93263694533266
756-1@1#740:44:45,756-1,ok,248.73125208855834
756-2@1#730:46:47,756-2,ok,163.94046668774928
T9-2@1#729:42:43,T9-2,ok,125.10821139653252
3973-1@1#736:47:48,3973-1,ok,591.0992046944064
E703-2@1#740:36:37,E703-2,ok,109.31842041746187
110-1@1#706:86:87,110-1,ok,195.69782883925495
110-1@1#803:7:8,110-1,ok,372.84672890065656
T12A-2@1#759:15:16,T12A-2,ok,307.9399887563798
2601-1@1#755:19:20,2601-1,ok,336.93254457926463
621-1@1#750:27:28,621-1,ok,208.31529991359747
756-2@1#730:47:48,756-2,ok,153.72799227107942
T1-1@1#745:33:34,T1-1,ok,258.8010155891307
2802-1@1#805:5:6,2802-1,ok,114.09856769794438
756-1@1#740:45:46,756-1,ok,335.99918985548004
T4-1@1#804:5:6,T4-1,ok,131.22864458794095
T7-2@1#806:3:4,T7-2,nonpositive_shape_progress,
T6-2@1#753:18:19,T6-2,ok,714.9601872727409
3973-1@1#736:48:49,3973-1,ok,464.0133472634425
5203-1@1#746:25:26,5203-1,ok,149.17906656541294
T12A-2@1#759:16:17,T12A-2,ok,331.2282024056723
E703-2@1#740:37:38,E703-2,ok,189.1244279808887
110-1@1#706:87:88,110-1,ok,84.48595917582774
756-2@1#730:48:49,756-2,ok,338.7704238398718
110-1@1#803:8:9,110-1,ok,241.48167320911628
2601-1@1#755:20:21,2601-1,ok,177.31568921486843
2802-1@1#805:6:7,2802-1,ok,207.4294838263038
B55-1@1#711:79:80,B55-1,ok,142.01003563643965
T9-2@1#729:43:44,T9-2,ok,149.17906656541294
T4-1@1#804:6:7,T4-1,ok,116.33633780311646
621-1@1#750:28:29,621-1,ok,326.3346917527281
T1-1@1#745:34:35,T1-1,ok,276.1047672748029
T11-2@1#737:39:40,T11-2,ok,600.8731941580385
346-1@1#806:5:6,346-1,ok,145.142137977641
T4-1@1#804:7:8,T4-1,ok,311.34775118441416
T6-1@1#753:18:19,T6-1,ok,72.34968817667627
286-2@1#720:80:81,286-2,ok,192.88719601255883
T12A-2@1#759:17:18,T12A-2,ok,362.62595647818864
3973-1@1#736:49:50,3973-1,ok,310.1663989148331
756-1@1#740:46:47,756-1,ok,491.9603667542806
T6-2@1#753:19:20,T6-2,ok,367.0754382075863
T7-2@1#806:4:5,T7-2,ok,222.89927961500203
2601-1@1#755:21:22,2601-1,ok,245.44401467517022
2802-1@1#805:7:8,2802-1,ok,150.1604771432756
110-1@1#706:88:89,110-1,ok,431.7423926284794
110-1@1#803:9:10,110-1,ok,218.60541320216623
495-1@1#746:23:24,495-1,ok,137.1251916833315
E703-2@1#740:38:39,E703-2,ok,484.8379252597721
T6-2@1#728:48:49,T6-2,ok,607.285286424977
5203-1@1#746:26:27,5203-1,ok,147.496742637581
B55-1@1#711:80:81,B55-1,ok,285.95140605705126
346-1@1#806:6:7,346-1,ok,135.53798726937853
397-1@1#731:64:65,397-1,ok,237.91001619092677
621-1@1#750:29:30,621-1,ok,144.4376929661369
756-2@1#730:49:50,756-2,ok,134.9314573446791
T1-1@1#745:35:36,T1-1,ok,563.2943726840696
286-2@1#720:81:82,286-2,ok,221.41418002663133
6102-1@1#719:72:73,6102-1,ok,251.87905930382317
T12A-2@1#759:18:19,T12A-2,ok,367.31621010500766
T11-2@1#737:40:41,T11-2,ok,530.6628906522214
2802-1@1#805:8:9,2802-1,ok,192.6975335491305
3973-1@1#736:50:51,3973-1,ok,472.09049084282265
756-2@1#730:50:51,756-2,ok,266.92086926489634
346-1@1#806:7:8,346-1,ok,15.219715521398527
T4-2@1#723:48:49,T4-2,ok,359.9933098004469
2601-1@1#755:22:23,2601-1,ok,241.51290926563067
346-1@1#806:8:9,346-1,ok,171.53778594362564
T4-1@1#804:8:9,T4-1,ok,140.91918585385807
T6-1@1#753:19:20,T6-1,ok,192.4161053566578
110-1@1#706:89:90,110-1,ok,87.21745916999642
110-1@1#803:10:11,110-1,ok,225.32716321635456
397-1@1#731:65:66,397-1,ok,221.3282424039335
T6-2@1#753:20:21,T6-2,ok,303.8817656110052
E703-2@1#740:39:40,E703-2,ok,204.0804874124876
621-1@1#750:30:31,621-1,ok,229.93687287651855
B55-1@1#711:81:82,B55-1,ok,331.8167194775308
T7-2@1#806:5:6,T7-2,ok,195.69782883925495
T6-2@1#728:49:50,T6-2,ok,694.4668967559059
286-2@1#720:82:83,286-2,ok,150.59016935430077
5203-1@1#746:27:28,5203-1,ok,168.97416270791547
T1-1@1#745:36:37,T1-1,ok,186.20476785394206
T12A-2@1#759:19:20,T12A-2,ok,208.07952161382636
2802-1@1#805:9:10,2802-1,ok,224.92429821351817
756-1@1#740:47:48,756-1,ok,145.64737836831958
495-1@1#746:24:25,495-1,ok,92.22478798920932
T4-1@1#804:9:10,T4-1,ok,267.93083186826584
2701-2@1#810:1:2,2701-2,ok,850.1241406846204
3973-1@1#736:51:52,3973-1,ok,394.6504769213537
T3-2@1#730:53:54,T3-2,ok,253.34733945762105
T11-2@1#737:41:42,T11-2,ok,54.859360506299424
346-1@1#806:9:10,346-1,ok,156.8221909046984
756-2@1#730:51:52,756-2,ok,30.62679228025744
494-2@1#737:34:35,494-2,ok,159.71177405273187
862-1@1#750:20:21,862-1,ok,680.7829271807012
2601-1@1#755:23:24,2601-1,ok,306.08908860353586
397-1@1#731:66:67,397-1,ok,545.4172858120653
756-1@1#740:48:49,756-1,ok,184.32870352492603
110-1@1#706:90:91,110-1,ok,104.9395391600915
110-1@1#803:11:12,110-1,ok,429.23666042466556
621-1@1#750:31:32,621-1,ok,328.5380526254264
286-2@1#720:83:84,286-2,ok,121.80515764489581
B55-1@1#711:82:83,B55-1,ok,79.44727742742126
E703-2@1#740:40:41,E703-2,ok,1921.8293796280234
T6-1@1#753:20:21,T6-1,ok,178.26662279222336
T6-2@1#753:21:22,T6-2,ok,442.6102673161563
T1-1@1#745:37:38,T1-1,ok,108.86557859541797
2802-1@1#805:10:11,2802-1,ok,178.9071405050675
T2A-1@1#801:15:16,T2A-1,ok,233.99545543493645
T4-2@1#723:49:50,T4-2,ok,203.19221500896333
T7-2@1#806:6:7,T7-2,ok,84.48595917582774
494-2@1#737:35:36,494-2,ok,213.65804226433414
346-1@1#806:10:11,346-1,ok,260.58536071026856
2701-2@1#810:2:3,2701-2,ok,568.7278817772064
3973-1@1#736:52:53,3973-1,ok,328.5066057668744
5203-1@1#746:28:29,5203-1,ok,282.48285901190235
756-1@1#740:49:50,756-1,ok,801.8592948523543
T4-1@1#804:10:11,T4-1,ok,385.85310475327594
397-1@1#731:67:68,397-1,ok,396.18748421088003
T3-2@1#730:54:55,T3-2,ok,481.89375857633473
2601-1@1#755:24:25,2601-1,ok,268.97474872491966
T11-2@1#737:42:43,T11-2,ok,232.50886097467423
495-1@1#746:25:26,495-1,ok,394.53268103086833
286-2@1#720:84:85,286-2,ok,234.6292187658505
5203-1@1#811:1:2,5203-1,ok,1059.160240717909
621-1@1#750:32:33,621-1,ok,750.0313550723016
179-1@1#720:63:64,179-1,ok,1138.0675711206256
2802-1@1#805:11:12,2802-1,ok,338.64980735667666
B55-1@1#711:83:84,B55-1,ok,165.3498083308733
E703-2@1#740:41:42,E703-2,nonpositive_shape_progress,
211-1@1#720:65:66,211-1,ok,615.842118370085
862-1@1#750:21:22,862-1,ok,416.86465175610425
T1-1@1#745:38:39,T1-1,ok,158.13302278426247
T4-2@1#723:50:51,T4-2,ok,513.1461746494044
494-2@1#737:36:37,494-2,ok,387.3446038407001
T2A-1@1#801:16:17,T2A-1,ok,195.66048835086391
2701-2@1#810:3:4,2701-2,ok,26.680166166671604
3973-1@1#736:53:54,3973-1,ok,142.09110132643707
T6-1@1#753:21:22,T6-1,ok,293.09061261190686
T6-2@1#753:22:23,T6-2,ok,490.13498974352933
397-1@1#731:68:69,397-1,ok,359.86804986265696
T3-1@1#744:36:37,T3-1,ok,123.55971522066417
731-1@1#750:26:27,731-1,ok,173.4542384476929
A952-1@1#756:25:26,A952-1,ok,297.0355297007893
346-1@1#806:11:12,346-1,ok,236.4593532912007
T7-2@1#806:7:8,T7-2,ok,431.7423926284794
2601-1@1#755:25:26,2601-1,ok,126.35333223912247
T3-2@1#730:55:56,T3-2,ok,208.41300550140642
286-2@1#720:85:86,286-2,ok,267.01322419097266
491-1@1#805:6:7,491-1,ok,276.4860614114731
621-1@1#750:33:34,621-1,ok,583.9467059532541
T11-2@1#737:43:44,T11-2,ok,304.1659505326496
179-1@1#720:64:65,179-1,nonpositive_shape_progress,
B55-1@1#711:84:85,B55-1,ok,320.6541008946049
T4-1@1#804:11:12,T4-1,ok,242.16652111486778
2701-2@1#810:4:5,2701-2,ok,363.9354946184107
T1-1@1#745:39:40,T1-1,ok,410.0093757190974
5203-1@1#811:2:3,5203-1,ok,62.663893533536935
E703-2@1#740:42:43,E703-2,nonpositive_shape_progress,
T2A-1@1#801:17:18,T2A-1,ok,58.5022129242542
495-1@1#746:26:27,495-1,ok,154.39559397861834
731-1@1#750:27:28,731-1,ok,143.58760649809167
T3-2@1#758:19:20,T3-2,ok,157.82439580292888
211-1@1#720:66:67,211-1,ok,466.96709789186474
397-1@1#731:69:70,397-1,ok,544.8753874308064
3973-1@1#736:54:55,3973-1,ok,108.40444976069728
B02-1@1#645:129:130,B02-1,nonpositive_shape_progress,
A952-1@1#756:26:27,A952-1,ok,310.29044148429864
2802-1@1#805:12:13,2802-1,ok,131.16205903026398
704-1@1#756:23:24,704-1,ok,113.09314057584555
286-2@1#720:86:87,286-2,ok,95.07119819217917
T3-1@1#744:37:38,T3-1,ok,286.67797942529376
T6-2@1#753:23:24,T6-2,ok,535.5455632088903
2601-1@1#755:26:27,2601-1,ok,139.03745107125405
862-1@1#750:22:23,862-1,ok,674.0237152761171
T6-1@1#753:22:23,T6-1,ok,300.2213092456225
346-1@1#806:12:13,346-1,ok,96.90807879386638
T10-1@1#803:7:8,T10-1,ok,236.54087333363378
621-1@1#750:34:35,621-1,ok,172.57178097772677
T3-2@1#730:56:57,T3-2,ok,302.07965786303913
494-2@1#737:37:38,494-2,ok,571.8049712722263
731-1@1#750:28:29,731-1,ok,245.6665909083581
T7-2@1#806:8:9,T7-2,ok,87.21745916999642
491-1@1#805:7:8,491-1,ok,271.4195534889104
T11-2@1#737:44:45,T11-2,ok,15.618405728637589
2802-1@1#805:13:14,2802-1,ok,276.8890126997791
2701-2@1#810:5:6,2701-2,ok,29.522766917085097
T4-1@1#804:12:13,T4-1,ok,248.19968045999212
397-1@1#731:70:71,397-1,ok,398.37931792231484
B55-1@1#711:85:86,B55-1,nonpositive_shape_progress,
T1-1@1#745:40:41,T1-1,ok,373.1905371624473
704-1@1#756:24:25,704-1,ok,183.89826488295319
T2A-1@1#801:18:19,T2A-1,ok,92.1576656737578
346-1@1#806:13:14,346-1,ok,329.8471042627703
179-1@1#720:65:66,179-1,ok,222.89927961500203
756-1@1#740:50:51,756-1,ok,321.47592212856716
3973-1@1#736:55:56,3973-1,ok,192.0271000128674
B02-1@1#645:130:131,B02-1,ok,32726.137067431762
A952-1@1#756:27:28,A952-1,ok,390.3650054085031
E703-2@1#740:43:44,E703-2,nonpositive_shape_progress,
T3-2@1#758:20:21,T3-2,ok,235.52783104916776
211-1@1#720:67:68,211-1,ok,404.64340822111666
286-2@1#720:87:88,286-2,ok,329.6198094672743
5203-1@1#811:3:4,5203-1,ok,337.0554276838066
T4-2@1#723:51:52,T4-2,ok,340.5817293092628
2601-1@1#755:27:28,2601-1,ok,222.8960775198852
T3-1@1#744:38:39,T3-1,ok,173.6164448582295
495-1@1#746:27:28,495-1,ok,315.183336068593
621-1@1#750:35:36,621-1,ok,583.2476775747739
T10-1@1#803:8:9,T10-1,ok,191.63088380815674
T6-2@1#753:24:25,T6-2,ok,329.59397145123734
T3-2@1#730:57:58,T3-2,ok,369.5137622317182
731-1@1#750:29:30,731-1,ok,150.5981318200998
2701-2@1#810:6:7,2701-2,ok,380.8175719447513
T6-1@1#753:23:24,T6-1,ok,154.27605926128442
397-1@1#731:71:72,397-1,ok,117.71524872117733
704-1@1#756:25:26,704-1,ok,95.49580423704646
862-1@1#750:23:24,862-1,ok,962.5954323457082
T1-1@1#745:41:42,T1-1,ok,245.6634668205879
T2A-1@1#801:19:20,T2A-1,ok,422.6480677762179
T11-2@1#737:45:46,T11-2,ok,345.2092916234442
T4-1@1#804:13:14,T4-1,ok,197.55054010894358
3973-1@1#736:56:57,3973-1,ok,398.6300605398684
A952-1@1#756:28:29,A952-1,ok,218.20440488881547
B02-1@1#645:131:132,B02-1,ok,424.99428162006404
B55-1@1#711:86:87,B55-1,ok,4661.718632965143
T7-2@1#806:9:10,T7-2,ok,104.9395391600915
2802-1@1#805:14:15,2802-1,ok,288.1794011880817
491-1@1#805:8:9,491-1,ok,140.82642156644906
286-2@1#720:88:89,286-2,ok,389.20367601485424
756-1@1#740:51:52,756-1,ok,142.81317286468666
179-1@1#720:66:67,179-1,ok,195.69782883925495
T3-2@1#758:21:22,T3-2,ok,334.6376022844126
211-1@1#720:68:69,211-1,ok,304.49302710606406
2601-1@1#755:28:29,2601-1,ok,213.48106750975288
731-1@1#750:30:31,731-1,ok,249.64490546346406
T10-1@1#803:9:10,T10-1,ok,422.7592784649215
621-1@1#750:36:37,621-1,ok,62.663893533536935
704-1@1#756:26:27,704-1,ok,263.80777985543943
346-1@1#806:14:15,346-1,ok,278.09705624997986
5203-1@1#811:4:5,5203-1,ok,182.6824575956146
T3-1@1#744:39:40,T3-1,ok,435.552860361315
2701-2@1#810:7:8,2701-2,ok,41.9890004902403
397-1@1#731:72:73,397-1,ok,252.30444553159026
756-1@1#740:52:53,756-1,ok,661.7329180520269
491-1@1#805:9:10,491-1,ok,476.9245048761591
T3-2@1#730:58:59,T3-2,ok,253.66039189131715
T4-1@1#804:14:15,T4-1,ok,211.02019108394146
T4-2@1#723:52:53,T4-2,ok,128.66283445356706
T6-2@1#753:25:26,T6-2,ok,225.51847002993054
A952-1@1#756:29:30,A952-1,ok,194.36539167770746
T2A-1@1#801:20:21,T2A-1,ok,153.36055432197773
286-2@1#720:89:90,286-2,ok,369.32436713720506
3946-1@1#814:1:2,3946-1,ok,98.92654640650335
3973-1@1#736:57:58,3973-1,ok,348.2123230680284
B02-1@1#645:132:133,B02-1,ok,205.3130655646841
T1-1@1#745:42:43,T1-1,ok,301.4058724800146
494-2@1#737:38:39,494-2,ok,253.00900328520754
495-1@1#746:28:29,495-1,ok,311.42342295404467
B55-1@1#711:87:88,B55-1,nonpositive_shape_progress,
T6-1@1#753:24:25,T6-1,ok,184.4297139240528
T11-2@1#737:46:47,T11-2,ok,388.15031571466653
T8-2@1#740:35:36,T8-2,ok,642.6600676570655
T3-2@1#738:48:49,T3-2,ok,412.49777634407724
2802-1@1#805:15:16,2802-1,ok,357.7852432288321
T7-2@1#806:10:11,T7-2,ok,226.49059080505
T3-2@1#758:22:23,T3-2,ok,286.32419681792635
179-1@1#720:67:68,179-1,ok,84.48595917582774
2601-1@1#755:29:30,2601-1,ok,205.3208855362475
211-1@1#720:69:70,211-1,ok,923.4233315977328
621-1@1#750:37:38,621-1,ok,337.0554276838066
T4-2@1#723:53:54,T4-2,ok,209.68002256368405
862-1@1#750:24:25,862-1,ok,399.7193212173435
397-1@1#731:73:74,397-1,ok,34.735566921301896
2701-2@1#810:8:9,2701-2,ok,441.6056438424237
T4-1@1#804:15:16,T4-1,ok,342.39786147415754
T3-1@1#744:40:41,T3-1,ok,53.08048567883207
A952-1@1#756:30:31,A952-1,ok,187.21629247192345
T3-2@1#730:59:60,T3-2,ok,276.06628844514006
704-1@1#756:27:28,704-1,ok,122.58351401259429
3973-1@1#736:58:59,3973-1,ok,178.48266507954253
5203-1@1#811:5:6,5203-1,ok,72.71325306469092
B02-1@1#645:133:134,B02-1,ok,123.17632228206624
T12-2@1#722:80:81,T12-2,ok,304.1659505326496
T2A-1@1#801:21:22,T2A-1,ok,181.41608876942558
346-1@1#806:15:16,346-1,ok,202.76915926409742
T1-1@1#745:43:44,T1-1,ok,215.96558953019857
3946-1@1#814:2:3,3946-1,ok,159.12887994722993
494-2@1#737:39:40,494-2,ok,178.68277015101134
B55-1@1#711:88:89,B55-1,ok,6111.871265986419
T6-2@1#753:26:27,T6-2,ok,330.7976335141636
T11-2@1#737:47:48,T11-2,nonpositive_shape_progress,
2601-1@1#755:30:31,2601-1,ok,163.75785805425448
T10-1@1#803:10:11,T10-1,ok,313.2129194101588
T3-2@1#738:49:50,T3-2,ok,566.0646541103021
397-1@1#731:74:75,397-1,ok,445.09836494137943
621-1@1#750:38:39,621-1,ok,182.6824575956146
T4-2@1#723:54:55,T4-2,ok,224.52594300520886
T6-1@1#753:25:26,T6-1,ok,300.06453033224767
T3-2@1#758:23:24,T3-2,ok,176.28171119110917
2701-2@1#810:9:10,2701-2,ok,152.81038676274312
495-1@1#746:29:30,495-1,ok,465.33888897791394
179-1@1#720:68:69,179-1,ok,431.7423926284794
B02-1@1#730:67:68,B02-1,ok,147.3922488658842
211-1@1#720:70:71,211-1,ok,264.83329192531846
704-1@1#756:28:29,704-1,ok,583.941858808173
T7-2@1#806:11:12,T7-2,ok,419.6212999296076
A952-1@1#756:31:32,A952-1,ok,246.93176680455974
2802-1@1#805:16:17,2802-1,ok,155.5916128463363
491-1@1#805:10:11,491-1,ok,202.99894583429636
494-2@1#737:40:41,494-2,ok,131.51871840547392
3973-1@1#736:59:60,3973-1,ok,391.1452686610363
B02-1@1#645:134:135,B02-1,ok,259.04271619247385
T12-2@1#722:81:82,T12-2,ok,15.618405728637589
T2A-1@1#801:22:23,T2A-1,ok,168.41126932649865
T3-1@1#744:41:42,T3-1,ok,194.97933633455992
346-1@1#806:16:17,346-1,ok,183.67110669291307
862-1@1#750:25:26,862-1,ok,255.39571066030555
T1-1@1#745:44:45,T1-1,ok,259.20772912640564
T3-2@1#730:60:61,T3-2,ok,370.1268332670323
3946-1@1#814:3:4,3946-1,ok,156.15509667016568
B55-1@1#711:89:90,B55-1,nonpositive_shape_progress,
T4-1@1#804:16:17,T4-1,ok,286.28785054415346
5203-1@1#811:6:7,5203-1,ok,73.91875007706787
397-1@1#731:75:76,397-1,ok,11.115731525178076
2601-1@1#755:31:32,2601-1,ok,487.59143518626365
621-1@1#750:39:40,621-1,ok,72.71325306469092
T6-2@1#753:27:28,T6-2,ok,367.55493423320485
2701-2@1#810:10:11,2701-2,ok,302.833390659967
494-2@1#737:41:42,494-2,ok,129.23544222267682
T4-2@1#723:55:56,T4-2,ok,113.77915520926499
T3-2@1#738:50:51,T3-2,ok,334.9423169260683
T11-2@1#737:48:49,T11-2,ok,458.20159387631776
B02-1@1#730:68:69,B02-1,ok,224.00692114543148
T3-2@1#758:24:25,T3-2,ok,211.41078613996225
A952-1@1#756:32:33,A952-1,ok,282.28590403222785
211-1@1#720:71:72,211-1,ok,133.98488078347782
179-1@1#720:69:70,179-1,ok,87.21745916999642
T6-1@1#753:26:27,T6-1,ok,181.0331046729687
T10-1@1#803:11:12,T10-1,ok,291.0847427104938
491-1@1#805:11:12,491-1,ok,301.7735089362549
3973-1@1#736:60:61,3973-1,ok,167.1086562060919
5203-2@1#816:1:2,5203-2,ok,221.88243865202367
B02-1@1#645:135:136,B02-1,ok,218.46867442694312
T12-2@1#722:82:83,T12-2,ok,345.2092916234442
T2A-1@1#801:23:24,T2A-1,ok,14.455429720089512
T4-2@1#723:56:57,T4-2,ok,398.57618582931855
T7-2@1#806:12:13,T7-2,ok,93.02967884337964
T8-2@1#740:36:37,T8-2,ok,308.6214512111186
495-1@1#746:30:31,495-1,ok,300.85661301613726
T1-1@1#745:45:46,T1-1,ok,305.14941778161995
494-2@1#737:42:43,494-2,ok,109.87492490187934
T3-1@1#744:42:43,T3-1,ok,243.428191678592
189-2@1#800:23:24,189-2,ok,236.33845688373094
3946-1@1#814:4:5,3946-1,ok,14.908369521170034
397-1@1#731:76:77,397-1,ok,343.98670902065
B55-1@1#711:90:91,B55-1,nonpositive_shape_progress,
2601-1@1#755:32:33,2601-1,ok,194.07660880595805
2701-2@1#810:11:12,2701-2,ok,175.24825249803527
621-1@1#750:40:41,621-1,ok,73.91875007706787
T4-1@1#804:17:18,T4-1,ok,198.5200947120913
494-2@1#737:43:44,494-2,ok,294.75460601399647
862-1@1#750:26:27,862-1,ok,537.2821409958264
B02-1@1#730:69:70,B02-1,ok,121.91254178333486
5203-1@1#811:7:8,5203-1,ok,91.41879214227576
A952-1@1#756:33:34,A952-1,ok,312.31752296934775
T3-2@1#738:51:52,T3-2,ok,475.1049823609358
T6-2@1#753:28:29,T6-2,ok,128.71837971556855
T3-2@1#758:25:26,T3-2,ok,107.0940085302019
T11-2@1#737:49:50,T11-2,ok,802.5664330204694
3973-1@1#736:61:62,3973-1,ok,186.20476785394206
B02-1@1#645:136:137,B02-1,nonpositive_shape_progress,
T12-2@1#722:83:84,T12-2,ok,388.15031571466653
T2A-1@1#801:24:25,T2A-1,ok,269.01528990197426
211-1@1#720:72:73,211-1,ok,389.3877381379052
179-1@1#720:70:71,179-1,ok,104.9395391600915
T11-1@1#735:57:58,T11-1,ok,227.77235930705703
397-1@1#731:77:78,397-1,ok,6.371574482473765
T1-1@1#745:46:47,T1-1,ok,180.8690179998575
T6-1@1#753:27:28,T6-1,ok,206.1387741367181
189-2@1#800:24:25,189-2,ok,217.76722290843225
3946-1@1#814:5:6,3946-1,ok,167.68860705173554
5203-2@1#816:2:3,5203-2,ok,221.12290894106124
631-1@1#731:49:50,631-1,ok,421.28531536409304
T10-1@1#803:12:13,T10-1,ok,471.75151262237
T3-1@1#744:43:44,T3-1,ok,221.9182905580509
2701-2@1#810:12:13,2701-2,ok,202.3801048763204
621-1@1#750:41:42,621-1,ok,91.41879214227576
B55-1@1#711:91:92,B55-1,nonpositive_shape_progress,
T4-1@1#804:18:19,T4-1,ok,138.1500727144304
T7-2@1#806:13:14,T7-2,ok,104.7346208044624
2601-1@1#755:33:34,2601-1,ok,205.5567300534895
T8-2@1#740:37:38,T8-2,ok,344.3007234834965
495-1@1#746:31:32,495-1,ok,128.6619912686094
A952-1@1#756:34:35,A952-1,ok,190.9103429139404
B02-1@1#730:70:71,B02-1,ok,132.85057120676512
T3-2@1#738:52:53,T3-2,ok,152.304486252779
494-2@1#737:44:45,494-2,ok,230.2695493781019
3973-1@1#736:62:63,3973-1,ok,108.86557859541797
B02-1@1#645:137:138,B02-1,nonpositive_shape_progress,
T12-2@1#722:84:85,T12-2,nonpositive_shape_progress,
T2A-1@1#801:25:26,T2A-1,ok,248.21500251392783
T3-2@1#758:26:27,T3-2,ok,225.05011727886148
T4-2@1#723:57:58,T4-2,ok,288.29086302709135
397-1@1#731:78:79,397-1,ok,591.249007365702
T11-2@1#737:50:51,T11-2,ok,73.04660578767516
T6-2@1#753:29:30,T6-2,ok,245.26524599336054
5203-1@1#811:8:9,5203-1,ok,371.94459877648274
T4-1@1#804:19:20,T4-1,ok,291.2521851115182
2672-1@1#732:67:68,2672-1,ok,137.38735123198825
211-1@1#720:73:74,211-1,ok,276.2282764098809
T11-1@1#735:58:59,T11-1,ok,236.96669517521823
T1-1@1#745:47:48,T1-1,ok,249.9813815517792
179-1@1#720:71:72,179-1,ok,226.49059080505
3946-1@1#814:6:7,3946-1,ok,172.26078668846316
189-2@1#800:25:26,189-2,ok,298.2338939425956
2701-2@1#810:13:14,2701-2,ok,162.23626615173313
T4-2@1#717:65:66,T4-2,ok,173.75671744686582
621-1@1#750:42:43,621-1,ok,371.94459877648274
T3-1@1#744:44:45,T3-1,ok,804.1983079161519
5203-2@1#816:3:4,5203-2,ok,72.87657040139041
B55-1@1#711:92:93,B55-1,nonpositive_shape_progress,
T6-1@1#753:28:29,T6-1,ok,223.46669511723127
353-2@1#747:30:31,353-2,ok,230.01750858388723
B02-1@1#730:71:72,B02-1,ok,281.70897445706004
T7-2@1#806:14:15,T7-2,ok,396.2991989490274
397-1@1#731:79:80,397-1,ok,726.983672784658
3973-1@1#736:63:64,3973-1,ok,158.13302278426247
494-2@1#737:45:46,494-2,ok,188.26453898281108
B02-1@1#645:138:139,B02-1,nonpositive_shape_progress,
T12-2@1#722:85:86,T12-2,ok,458.20159387631776
T2A-1@1#801:26:27,T2A-1,ok,478.22497390195923
398-1@1#741:51:52,398-1,ok,507.31940982882224
T8-2@1#740:38:39,T8-2,ok,387.94380211288734
T3-2@1#758:27:28,T3-2,ok,1401.3213422867286
2672-1@1#732:68:69,2672-1,ok,464.9884766213101
R31-1@1#759:17:18,R31-1,ok,281.2651132964105
T4-2@1#717:66:67,T4-2,ok,203.35356786255738
T1-1@1#745:48:49,T1-1,ok,279.3454743251398
T11-1@1#735:59:60,T11-1,ok,207.61249067532572
T11-2@1#737:51:52,T11-2,ok,164.35622305741617
2701-2@1#810:14:15,2701-2,ok,293.12559104059017
211-1@1#720:74:75,211-1,ok,227.8058190318111
T4-2@1#723:58:59,T4-2,ok,238.27687211498838
T6-2@1#753:30:31,T6-2,ok,176.4430875020364
T4-1@1#804:20:21,T4-1,ok,186.20238652539933
3946-1@1#814:7:8,3946-1,ok,345.24664330169935
189-2@1#800:26:27,189-2,ok,311.7733988709992
5203-1@1#811:9:10,5203-1,ok,132.739251215461
621-1@1#750:43:44,621-1,ok,132.739251215461
T10-1@1#803:13:14,T10-1,ok,146.75175063943243
179-1@1#720:72:73,179-1,ok,476.70483899486743
B55-1@1#711:93:94,B55-1,ok,9420.40205459059
T3-1@1#744:45:46,T3-1,ok,361.95982187166095
353-2@1#747:31:32,353-2,ok,197.48755190450112
B02-1@1#730:72:73,B02-1,ok,285.93043694915593
494-2@1#737:46:47,494-2,ok,265.30943983566334
397-1@1#731:80:81,397-1,ok,127.19139547962531
3973-1@1#736:64:65,3973-1,ok,410.0093757190974
B02-1@1#645:139:140,B02-1,nonpositive_shape_progress,
T12-2@1#722:86:87,T12-2,ok,802.5664330204694
T2A-1@1#801:27:28,T2A-1,ok,14.61381951826404
T6-1@1#753:29:30,T6-1,ok,346.0800873284031
289-2@1#725:76:77,289-2,ok,221.41418002663133
2672-1@1#732:69:70,2672-1,ok,265.5450310510927
398-1@1#741:52:53,398-1,ok,237.91001619092677
T10-1@1#803:14:15,T10-1,ok,290.705656208801
268-1@1#730:71:72,268-1,ok,255.75529135213958
T4-2@1#717:67:68,T4-2,ok,149.86820175566453
T4-1@1#804:21:22,T4-1,ok,182.59104313157826
T7-2@1#806:15:16,T7-2,ok,534.0819222441008
R31-1@1#759:18:19,R31-1,ok,892.7541143624177
2701-2@1#810:15:16,2701-2,ok,414.0472786158151
T3-2@1#758:28:29,T3-2,ok,56.348785644296
T1-1@1#745:49:50,T1-1,ok,309.7939275097663
T11-1@1#735:60:61,T11-1,ok,453.74405480478777
621-1@1#750:44:45,621-1,ok,363.7031926788119
T4-2@1#723:59:60,T4-2,ok,403.8552087589849
211-1@1#720:75:76,211-1,ok,206.93325446903705
T11-2@1#737:52:53,T11-2,ok,100.79061455084312
189-2@1#800:27:28,189-2,ok,295.0097622811904
T6-2@1#753:31:32,T6-2,ok,264.67850532663033
353-2@1#747:32:33,353-2,ok,464.2658923158253
633-2@1#818:2:3,633-2,ok,2561.4890585124294
179-1@1#720:73:74,179-1,ok,560.3288808678597
397-1@1#731:81:82,397-1,ok,1086.1113606333565
B02-1@1#730:73:74,B02-1,ok,456.461806341044
B55-1@1#711:94:95,B55-1,nonpositive_shape_progress,
5203-1@1#811:10:11,5203-1,ok,403.40111745231815
T8-2@1#740:39:40,T8-2,ok,532.4007909410795
T4-2@1#717:68:69,T4-2,ok,118.09818551894094
3973-1@1#736:65:66,3973-1,ok,373.1905371624473
T12-2@1#722:87:88,T12-2,ok,73.04660578767516
T2A-1@1#801:28:29,T2A-1,ok,216.40786645094465
272-1@1#730:56:57,272-1,ok,389.3877381379052
494-2@1#737:47:48,494-2,ok,316.06788770724665
T4-1@1#804:22:23,T4-1,ok,365.46324424975126
289-2@1#725:77:78,289-2,ok,150.59016935430077
T1-1@1#813:10:11,T1-1,ok,132.739251215461
2672-1@1#732:70:71,2672-1,ok,380.63200136282416
268-1@1#730:72:73,268-1,ok,185.9749231331515
2701-2@1#810:16:17,2701-2,ok,393.2927334595812
398-1@1#741:53:54,398-1,ok,221.3282424039335
T6-1@1#753:30:31,T6-1,ok,242.25636912473334
3973-1@1#755:37:38,3973-1,ok,164.4888076745755
T1-1@1#745:50:51,T1-1,ok,160.63051082525067
T3-2@1#758:29:30,T3-2,ok,96.1407747165833
621-1@1#750:45:46,621-1,ok,1012.6273775718173
T11-1@1#735:61:62,T11-1,ok,196.86853761408418
T4-2@1#717:69:70,T4-2,ok,417.776129703547
T10-1@1#803:15:16,T10-1,ok,247.19077793625402
T7-2@1#806:16:17,T7-2,ok,159.29424099711358
189-2@1#800:28:29,189-2,ok,186.77462494294556
397-1@1#731:82:83,397-1,ok,769.18398988482
605-1@1#710:82:83,605-1,nonpositive_shape_progress,
211-1@1#720:76:77,211-1,ok,356.57914733490657
T11-2@1#737:53:54,T11-2,ok,439.16622686631166
B02-1@1#730:74:75,B02-1,ok,186.63696657601076
T4-2@1#729:52:53,T4-2,ok,128.66283445356706
B55-1@1#711:95:96,B55-1,ok,24.54321103055393
3973-1@1#736:66:67,3973-1,ok,245.6634668205879
B02-1@1#820:1:2,B02-1,ok,256.47150092542284
T12-2@1#722:88:89,T12-2,ok,164.35622305741617
T2A-1@1#801:29:30,T2A-1,ok,105.51406102697727
T6-2@1#753:32:33,T6-2,ok,147.77080649860443
5203-2@1#806:13:14,5203-2,ok,253.34733945762105
289-2@1#725:78:79,289-2,ok,121.80515764489581
2672-1@1#732:71:72,2672-1,ok,246.52490952449082
5203-1@1#811:11:12,5203-1,ok,162.5999527196599
T1-1@1#813:11:12,T1-1,ok,403.40111745231815
268-1@1#730:73:74,268-1,ok,413.6404703081218
398-1@1#741:54:55,398-1,ok,545.4172858120653
3973-1@1#755:38:39,3973-1,ok,198.316592970106
T4-2@1#723:60:61,T4-2,ok,167.53527900038824
T1-1@1#745:51:52,T1-1,ok,273.548513995952
T4-2@1#729:53:54,T4-2,ok,209.68002256368405
397-1@1#731:83:84,397-1,ok,1.3521263783706066
T11-1@1#735:62:63,T11-1,ok,189.28048663072235
T3-2@1#758:30:31,T3-2,ok,222.85638729168124
T10-1@1#803:16:17,T10-1,ok,154.3960089756325
T6-1@1#753:31:32,T6-1,ok,177.43419809041592
189-2@1#800:29:30,189-2,ok,330.9784439552558
272-1@1#730:57:58,272-1,ok,276.2282764098809
B02-1@1#730:75:76,B02-1,nonpositive_shape_progress,
211-1@1#720:77:78,211-1,ok,307.28792643636285
605-1@1#710:83:84,605-1,nonpositive_shape_progress,
3973-1@1#736:67:68,3973-1,ok,301.4058724800146
T11-2@1#737:54:55,T11-2,ok,15.670486193825997
T12-2@1#722:89:90,T12-2,ok,100.79061455084312
T2A-1@1#801:30:31,T2A-1,ok,276.0730038602344
T7-2@1#806:17:18,T7-2,ok,169.69184207209508
B02-1@1#820:2:3,B02-1,ok,183.12528723750896
289-2@1#725:79:80,289-2,ok,234.6292187658505
T4-2@1#723:61:62,T4-2,ok,223.99874163729828
2672-1@1#732:72:73,2672-1,ok,239.18734150582236
268-1@1#730:74:75,268-1,ok,197.19872692734435
T6-2@1#753:33:34,T6-2,ok,171.39789859626222
T1-1@1#813:12:13,T1-1,ok,77.79626781567127
T8-2@1#740:40:41,T8-2,ok,86.76646705347456
375-1@1#750:36:37,375-1,ok,507.31940982882224
T10-1@1#803:17:18,T10-1,ok,315.1877061632054
3973-1@1#755:39:40,3973-1,ok,391.9301264780401
375-2@1#821:1:2,375-2,ok,437.0754535838349
398-1@1#741:55:56,398-1,ok,396.18748421088003
T1-1@1#745:52:53,T1-1,ok,266.27905332657497
T4-2@1#717:70:71,T4-2,ok,268.7234681891557
T4-2@1#729:54:55,T4-2,ok,224.52594300520886
5203-2@1#806:14:15,5203-2,ok,168.8658581634861
5203-1@1#811:12:13,5203-1,ok,209.45515492649074
R31-1@1#759:19:20,R31-1,ok,508.6613402989941
T11-1@1#735:63:64,T11-1,ok,392.1914035513616
762-1@1#730:53:54,762-1,ok,142.81317286468666
T3-2@1#758:31:32,T3-2,ok,50.22115584796766
T8-2@1#740:41:42,T8-2,ok,202.76994607691586
189-2@1#800:30:31,189-2,ok,270.0684290236618
3973-1@1#736:68:69,3973-1,ok,215.96558953019857
T12-2@1#722:90:91,T12-2,ok,439.16622686631166
T2A-1@1#801:31:32,T2A-1,ok,354.4891204337508
B02-1@1#820:3:4,B02-1,ok,300.4327773372383
211-1@1#720:78:79,211-1,ok,470.4403265395529
272-1@1#730:58:59,272-1,ok,227.8058190318111
T6-1@1#753:32:33,T6-1,ok,112.62344858912826
T11-2@1#737:55:56,T11-2,ok,213.63224105163755
289-2@1#725:80:81,289-2,ok,267.01322419097266
605-1@1#710:84:85,605-1,nonpositive_shape_progress,
2672-1@1#732:73:74,2672-1,ok,250.93721846920195
T4-2@1#723:62:63,T4-2,ok,202.953309351209
268-1@1#730:75:76,268-1,ok,243.80590117351494
T7-2@1#806:18:19,T7-2,ok,137.06182348219141
T1-1@1#813:13:14,T1-1,ok,518.0644879318643
731-2@1#814:4:5,731-2,ok,149.23973544520487
3973-1@1#755:40:41,3973-1,ok,311.83273766155196
5203-2@1#806:15:16,5203-2,ok,445.97421561038556
T1-1@1#745:53:54,T1-1,ok,175.8777178232245
T4-2@1#729:55:56,T4-2,ok,113.77915520926499
398-1@1#741:56:57,398-1,ok,359.86804986265696
375-1@1#750:37:38,375-1,ok,237.91001619092677
T4-2@1#717:71:72,T4-2,ok,482.27755148126204
T11-1@1#735:64:65,T11-1,ok,353.87800806900924
T10-1@1#803:18:19,T10-1,ok,311.4289911521539
T3-2@1#758:32:33,T3-2,ok,470.4998187021872
375-2@1#821:2:3,375-2,ok,850.1241406846204
189-2@1#800:31:32,189-2,ok,93.10559855282256
3973-1@1#736:69:70,3973-1,ok,259.20772912640564
5203-1@1#811:13:14,5203-1,ok,151.58671087759248
731-2@1#814:5:6,731-2,ok,271.14469046557184
T12-2@1#722:91:92,T12-2,ok,15.670486193825997
T2A-1@1#801:32:33,T2A-1,ok,176.20130207713876
B02-1@1#820:4:5,B02-1,ok,239.9957175231853
272-1@1#730:59:60,272-1,ok,206.93325446903705
T4-2@1#729:56:57,T4-2,ok,398.57618582931855
762-1@1#730:54:55,762-1,ok,661.7329180520269
211-1@1#720:79:80,211-1,ok,157.60912292391737
T4-2@1#723:63:64,T4-2,ok,324.6367277226429
289-2@1#725:81:82,289-2,ok,95.07119819217917
2672-1@1#732:74:75,2672-1,ok,382.4757004593136
268-1@1#730:76:77,268-1,ok,283.60296571180464
T11-2@1#737:56:57,T11-2,ok,241.31101036705604
T1-1@1#813:14:15,T1-1,ok,137.8100715563093
3973-1@1#755:41:42,3973-1,ok,300.602945721266
T6-1@1#753:33:34,T6-1,ok,475.94245898238927
605-1@1#710:85:86,605-1,ok,18812.39994118899
T1-1@1#745:54:55,T1-1,ok,341.76293902583245
398-1@1#741:57:58,398-1,ok,544.8753874308064
T7-2@1#806:19:20,T7-2,ok,195.53832883417985
T11-1@1#735:65:66,T11-1,ok,146.64409200195422
375-1@1#750:38:39,375-1,ok,221.3282424039335
3973-1@1#736:70:71,3973-1,ok,305.14941778161995
T12-2@1#722:92:93,T12-2,ok,213.63224105163755
T2A-1@1#801:33:34,T2A-1,ok,257.2489091156658
731-2@1#814:6:7,731-2,ok,670.697323060532
T3-2@1#758:33:34,T3-2,ok,125.55315529307799
272-1@1#730:60:61,272-1,ok,356.57914733490657
189-2@1#800:32:33,189-2,ok,99.5510792111638
B02-1@1#820:5:6,B02-1,ok,181.68333195574618
T12A-1@1#819:7:8,T12A-1,ok,560.6261161237405
2672-1@1#732:75:76,2672-1,ok,384.94346835122633
289-2@1#725:82:83,289-2,ok,329.6198094672743
T10-1@1#803:19:20,T10-1,ok,465.4083102742192
268-1@1#730:77:78,268-1,ok,458.3146263865441
5203-1@1#811:14:15,5203-1,ok,109.60534914237321
T12A-1@1#753:49:50,T12A-1,ok,459.5291510423765
211-1@1#720:80:81,211-1,ok,34.735566921301896
3973-1@1#755:42:43,3973-1,ok,281.2651132964105
T1-1@1#813:15:16,T1-1,ok,193.61752082614964
T1-1@1#745:55:56,T1-1,ok,454.30588578909936
762-1@1#730:55:56,762-1,ok,462.0433037410052
T11-2@1#737:57:58,T11-2,ok,360.0497147564785
398-1@1#741:58:59,398-1,ok,398.37931792231484
605-1@1#710:86:87,605-1,nonpositive_shape_progress,
T4-2@1#723:64:65,T4-2,ok,121.02465897655424
T6-1@1#753:34:35,T6-1,ok,224.52594300520886
3973-1@1#736:71:72,3973-1,ok,180.8690179998575
T11-1@1#735:66:67,T11-1,ok,358.5903617478007
T12-2@1#722:93:94,T12-2,ok,241.31101036705604
T4-2@1#729:57:58,T4-2,ok,288.29086302709135
T4-2@1#717:72:73,T4-2,ok,414.2011837823391
5203-2@1#806:16:17,5203-2,ok,223.24837661402782
B02-1@1#820:6:7,B02-1,ok,123.25396736383425
T7-2@1#806:20:21,T7-2,ok,26.231470891233638
T12A-1@1#819:8:9,T12A-1,ok,569.9248141628127
189-2@1#800:33:34,189-2,ok,21.117402137853095
T3-2@1#758:34:35,T3-2,ok,236.7183391555595
375-1@1#750:39:40,375-1,ok,545.4172858120653
T12A-1@1#753:50:51,T12A-1,ok,317.3344955051925
2672-1@1#732:76:77,2672-1,ok,162.34021770895532
268-1@1#730:78:79,268-1,ok,615.8298438252647
289-2@1#725:83:84,289-2,ok,324.2770341234002
3973-1@1#755:43:44,3973-1,ok,191.71629804919004
211-1@1#720:81:82,211-1,ok,445.09836494137943
T1-1@1#813:16:17,T1-1,ok,198.65776952252665
272-1@1#730:61:62,272-1,ok,307.28792643636285
5203-1@1#811:15:16,5203-1,ok,217.06270281207256
3946-2@1#820:7:8,3946-2,ok,568.7278817772064
398-1@1#741:59:60,398-1,ok,117.71524872117733
3946-1@1#824:1:2,3946-1,ok,98.92654640650335
3973-1@1#736:72:73,3973-1,ok,249.9813815517792
T12-2@1#722:94:95,T12-2,ok,360.0497147564785
605-1@1#710:87:88,605-1,nonpositive_shape_progress,
T12A-1@1#819:9:10,T12A-1,ok,30.28709410779715
762-1@1#730:56:57,762-1,ok,919.4396802016039
B02-1@1#820:7:8,B02-1,ok,115.5471562587522
T12A-1@1#753:51:52,T12A-1,ok,264.1415235599739
T6-1@1#753:35:36,T6-1,ok,113.77915520926499
189-2@1#800:34:35,189-2,ok,128.56610308460472
T3-2@1#758:35:36,T3-2,ok,162.46810244923648
T4-2@1#729:58:59,T4-2,ok,238.27687211498838
2672-1@1#732:77:78,2672-1,ok,458.1981431628405
268-1@1#730:79:80,268-1,ok,466.97676413203186
5203-2@1#806:17:18,5203-2,ok,304.74815306435204
289-2@1#725:84:85,289-2,nonpositive_shape_progress,
3973-1@1#755:44:45,3973-1,ok,242.95447605525547
T7-2@1#806:21:22,T7-2,ok,166.0889868146727
731-2@1#814:7:8,731-2,ok,272.48021852975984
375-1@1#750:40:41,375-1,ok,396.18748421088003
T6-1@1#745:44:45,T6-1,ok,186.8030759011803
T1-1@1#813:17:18,T1-1,ok,150.65580603935538
211-1@1#720:82:83,211-1,ok,11.115731525178076
3946-2@1#820:8:9,3946-2,ok,26.680166166671604
T12-2@1#722:95:96,T12-2,ok,158.67726170262722
3973-1@1#736:73:74,3973-1,ok,279.3454743251398
398-1@1#741:60:61,398-1,ok,252.30444553159026
T12A-1@1#819:10:11,T12A-1,ok,234.51486301576278
T5-1@1#822:4:5,T5-1,ok,774.3370068613023
3946-1@1#824:2:3,3946-1,ok,159.12887994722993
272-1@1#730:62:63,272-1,ok,470.4403265395529
T3-2@1#747:50:51,T3-2,ok,334.9423169260683
5203-1@1#811:16:17,5203-1,ok,309.30448184789174
T12A-1@1#753:52:53,T12A-1,ok,191.89438424230008
B02-1@1#820:8:9,B02-1,ok,147.6728492416299
605-1@1#710:88:89,605-1,nonpositive_shape_progress,
189-2@1#800:35:36,189-2,ok,190.70486433863164
2672-1@1#732:78:79,2672-1,ok,241.16355057036571
268-1@1#730:80:81,268-1,ok,404.6249855102961
3973-1@1#755:45:46,3973-1,ok,458.08334025797205
6372-1@1#750:47:48,6372-1,ok,399.8259446123424
T3-2@1#758:36:37,T3-2,ok,51.44915199217313
T4-2@1#729:59:60,T4-2,ok,403.8552087589849
762-1@1#730:57:58,762-1,ok,829.0238540866364
T6-1@1#753:36:37,T6-1,ok,536.3008540923437
3946-2@1#820:9:10,3946-2,ok,363.9354946184107
T1-1@1#813:18:19,T1-1,ok,341.36095120809057
T7-2@1#806:22:23,T7-2,ok,216.74794015124766
375-1@1#750:41:42,375-1,ok,359.86804986265696
211-1@1#720:83:84,211-1,ok,343.98670902065
T12-2@1#722:96:97,T12-2,ok,296.9425978188704
3973-1@1#736:74:75,3973-1,ok,309.7939275097663
T12A-1@1#819:11:12,T12A-1,ok,512.711715202428
T6-1@1#745:45:46,T6-1,ok,406.47587890280516
T12A-1@1#753:53:54,T12A-1,ok,207.35040789452768
398-1@1#741:61:62,398-1,ok,34.735566921301896
3946-1@1#824:3:4,3946-1,ok,156.15509667016568
5203-2@1#806:18:19,5203-2,ok,93.35673461485105
B02-1@1#820:9:10,B02-1,ok,254.09728922381495
T8-2@1#818:8:9,T8-2,ok,591.0992046944064
T3-2@1#747:51:52,T3-2,ok,475.1049823609358
T5-1@1#822:5:6,T5-1,ok,189.96563825285503
2672-1@1#732:79:80,2672-1,ok,326.39723997584576
268-1@1#730:81:82,268-1,ok,304.5990862445367
189-2@1#800:36:37,189-2,ok,32.59669131439165
3973-1@1#755:46:47,3973-1,ok,508.6613402989941
5203-1@1#811:17:18,5203-1,ok,139.22631683696585
605-1@1#710:89:90,605-1,nonpositive_shape_progress,
6372-1@1#750:48:49,6372-1,ok,534.8561839934929
T3-2@1#758:37:38,T3-2,ok,358.1163187248321
3946-2@1#820:10:11,3946-2,ok,29.522766917085097
5203-2@1#806:19:20,5203-2,ok,490.9805098944718
T1-1@1#813:19:20,T1-1,ok,486.3932093762775
T12-2@1#722:97:98,T12-2,ok,30.3636068215364
T12A-1@1#819:12:13,T12A-1,ok,135.18447120145103
3973-1@1#736:75:76,3973-1,ok,160.63051082525067
T12A-1@1#753:54:55,T12A-1,ok,245.95625592893012
T6-1@1#753:37:38,T6-1,ok,500.0436548429577
762-1@1#730:58:59,762-1,ok,612.8261944345631
B55-1@1#745:57:58,B55-1,ok,294.6991223999782
375-1@1#750:42:43,375-1,ok,544.8753874308064
398-1@1#741:62:63,398-1,ok,445.09836494137943
272-1@1#730:63:64,272-1,ok,157.60912292391737
3946-1@1#824:4:5,3946-1,ok,14.908369521170034
B02-1@1#820:10:11,B02-1,nonpositive_shape_progress,
T7-2@1#806:23:24,T7-2,ok,430.31935875815134
T6-1@1#745:46:47,T6-1,ok,642.6600676570655
T3-2@1#747:52:53,T3-2,ok,152.304486252779
T4-2@1#729:60:61,T4-2,ok,167.53527900038824
2672-1@1#732:80:81,2672-1,ok,245.97316334765657
268-1@1#730:82:83,268-1,ok,923.3138882396821
3973-1@1#755:47:48,3973-1,ok,591.0992046944064
189-2@1#800:37:38,189-2,ok,306.34752865828744
3946-2@1#820:11:12,3946-2,ok,380.8175719447513
6372-1@1#750:49:50,6372-1,ok,94.57710201282788
T5-1@1#822:6:7,T5-1,ok,531.5139868825576
T3-2@1#758:38:39,T3-2,ok,248.62399223223304
5203-1@1#811:18:19,5203-1,ok,177.24692630869845
605-1@1#710:90:91,605-1,nonpositive_shape_progress,
T1-1@1#813:20:21,T1-1,ok,582.8030697702837
T12-2@1#722:98:99,T12-2,ok,533.3147954075038
T12A-1@1#819:13:14,T12A-1,ok,79.38938531815958
T12A-1@1#753:55:56,T12A-1,ok,166.17165493991342
3973-1@1#736:76:77,3973-1,ok,273.548513995952
B55-1@1#745:58:59,B55-1,ok,295.3278260929668
T4-2@1#729:61:62,T4-2,ok,223.99874163729828
B02-1@1#820:11:12,B02-1,ok,309.82640188133223
3946-1@1#824:5:6,3946-1,ok,167.68860705173554
398-1@1#741:63:64,398-1,ok,11.115731525178076
T6-1@1#753:38:39,T6-1,ok,515.2448615827216
2672-1@1#732:81:82,2672-1,ok,275.8647352086515
375-1@1#750:43:44,375-1,ok,398.37931792231484
3973-1@1#755:48:49,3973-1,ok,464.0133472634425
268-1@1#730:83:84,268-1,ok,264.8331153570394
T3-2@1#747:53:54,T3-2,ok,253.34733945762105
3946-2@1#820:12:13,3946-2,ok,41.9890004902403
189-2@1#800:38:39,189-2,ok,225.65775652666548
T6-1@1#745:47:48,T6-1,ok,308.6214512111186
T12A-1@1#753:56:57,T12A-1,ok,366.3441225711544
T12A-1@1#819:14:15,T12A-1,ok,92.1576656737578
6372-1@1#750:50:51,6372-1,ok,29.60759009905715
T12-2@1#722:99:100,T12-2,ok,77.15635186781019
T8-2@1#818:9:10,T8-2,ok,464.0133472634425
T1-1@1#813:21:22,T1-1,ok,129.58317866398758
T3-2@1#758:39:40,T3-2,ok,160.33407900280818
3973-1@1#736:77:78,3973-1,ok,266.27905332657497
T5-1@1#822:7:8,T5-1,ok,31.364975403388247
605-1@1#710:91:92,605-1,ok,21652.200883972506
5203-1@1#811:19:20,5203-1,ok,212.31419983390185
B02-1@1#820:12:13,B02-1,ok,571.5278150145512
B55-1@1#745:59:60,B55-1,ok,230.16570418943272
T4-2@1#729:62:63,T4-2,ok,202.953309351209
3946-1@1#824:6:7,3946-1,ok,172.26078668846316
398-1@1#741:64:65,398-1,ok,343.98670902065
3973-1@1#755:49:50,3973-1,ok,310.1663989148331
2672-1@1#732:82:83,2672-1,ok,382.20431877952916
268-1@1#730:84:85,268-1,ok,134.06357730902207
3946-2@1#820:13:14,3946-2,ok,504.5592394705402
5203-2@1#806:20:21,5203-2,ok,173.765400551846
T3-2@1#747:54:55,T3-2,ok,481.89375857633473
T6-1@1#753:39:40,T6-1,ok,421.44253935005116
T12A-1@1#753:57:58,T12A-1,ok,424.88747911611875
189-2@1#800:39:40,189-2,ok,270.1572692531748
375-1@1#750:44:45,375-1,ok,117.71524872117733
T12A-1@1#819:15:16,T12A-1,ok,422.6480677762179
T12-2@1#722:100:101,T12-2,ok,305.12048503307994
3973-1@1#736:78:79,3973-1,ok,175.8777178232245
6372-1@1#750:51:52,6372-1,ok,391.3184701137901
T1-1@1#813:22:23,T1-1,ok,376.32261134308413
T3-2@1#758:40:41,T3-2,ok,373.70760485626056
T6-1@1#745:48:49,T6-1,ok,344.3007234834965
B55-1@1#745:60:61,B55-1,ok,226.49626048326266
3946-1@1#824:7:8,3946-1,ok,345.24664330169935
605-1@1#710:92:93,605-1,ok,288.7934686486032
T5-1@1#822:8:9,T5-1,ok,69.54639665622108
3973-1@1#755:50:51,3973-1,ok,472.09049084282265
398-1@1#741:65:66,398-1,ok,6.371574482473765
2672-1@1#732:83:84,2672-1,ok,319.2143091185101
268-1@1#730:85:86,268-1,ok,389.3096607350444
5203-2@1#806:21:22,5203-2,ok,317.30638712525183
5203-1@1#811:20:21,5203-1,ok,126.81410154022174
T12A-1@1#753:58:59,T12A-1,ok,644.6790975183203
T12A-1@1#819:16:17,T12A-1,ok,153.36055432197773
T12-2@1#722:101:102,T12-2,ok,546.8896877310668
T3-2@1#747:55:56,T3-2,ok,208.41300550140642
189-2@1#800:40:41,189-2,ok,177.3708675457755
3973-1@1#736:79:80,3973-1,ok,341.76293902583245
T1-1@1#813:23:24,T1-1,nonpositive_shape_progress,
T8-2@1#818:10:11,T8-2,ok,310.1663989148331
375-1@1#750:45:46,375-1,ok,252.30444553159026
6372-1@1#750:52:53,6372-1,ok,142.04536564590592
T6-1@1#753:40:41,T6-1,ok,279.0414800833555
T3-2@1#758:41:42,T3-2,ok,278.1446435350692
T6-2@1#828:2:3,T6-2,ok,132.2998313117329
621-2@1#807:30:31,621-2,ok,216.94066169926444
3973-1@1#755:51:52,3973-1,ok,394.6504769213537
B55-1@1#745:61:62,B55-1,ok,116.60559737014358
T6-1@1#745:49:50,T6-1,ok,387.94380211288734
3946-1@1#824:8:9,3946-1,ok,150.59016935430077
2672-1@1#732:84:85,2672-1,ok,231.40069854151264
268-1@1#730:86:87,268-1,ok,276.2440378622542
398-1@1#741:66:67,398-1,ok,591.249007365702
T12A-1@1#753:59:60,T12A-1,ok,396.9857319654873
T12A-1@1#819:17:18,T12A-1,ok,181.41608876942558
605-1@1#710:93:94,605-1,ok,567.6544297326957
T12-2@1#722:102:103,T12-2,ok,169.55910813082608
T5-1@1#822:9:10,T5-1,ok,14.07662151784958
189-2@1#800:41:42,189-2,ok,130.26810448021288
3973-1@1#736:80:81,3973-1,ok,531.8510443135
5203-1@1#811:21:22,5203-1,ok,186.48998023222188
T3-2@1#747:56:57,T3-2,ok,302.07965786303913
T1-1@1#813:24:25,T1-1,ok,309.05030889159804
731-1@1#815:23:24,731-1,ok,9.441521575896424
621-2@1#807:31:32,621-2,ok,71.58745558546006
731-1@1#815:24:25,731-1,ok,657.0268191164683
6372-1@1#750:53:54,6372-1,ok,244.58542666828686
346-2@1#811:25:26,346-2,ok,91.79124285775538
375-1@1#750:46:47,375-1,ok,34.735566921301896
T3-2@1#758:42:43,T3-2,ok,459.2865898404171
5203-2@1#806:22:23,5203-2,ok,210.80690452161573
T8-2@1#818:11:12,T8-2,ok,472.09049084282265
3973-1@1#755:52:53,3973-1,ok,328.5066057668744
621-2@1#807:32:33,621-2,ok,582.6754207406843
T6-1@1#753:41:42,T6-1,ok,105.14620630442118
T12A-1@1#753:60:61,T12A-1,ok,661.8389414710804
2672-1@1#732:85:86,2672-1,ok,279.8911033919642
3946-1@1#824:9:10,3946-1,ok,121.80515764489581
B55-1@1#745:62:63,B55-1,ok,85.57208322121383
268-1@1#730:87:88,268-1,ok,227.80362397514392
T12A-1@1#819:18:19,T12A-1,ok,168.41126932649865
T6-2@1#828:3:4,T6-2,ok,205.55108992889174
286-2@1#740:82:83,286-2,ok,150.59016935430077
T12-2@1#722:103:104,T12-2,ok,164.68433895631955
3973-1@1#736:81:82,3973-1,ok,11.115731525178076
189-2@1#800:42:43,189-2,ok,326.6337206370853
T1-1@1#813:25:26,T1-1,ok,246.73562237858073
T3-2@1#747:57:58,T3-2,ok,369.5137622317182
T5-1@1#822:10:11,T5-1,ok,15.085427523967244
5203-1@1#811:22:23,5203-1,ok,397.6030368498406
6372-1@1#750:54:55,6372-1,ok,239.21533489142809
T12A-1@1#753:61:62,T12A-1,ok,247.9913135810376
3973-1@1#755:53:54,3973-1,ok,142.09110132643707
346-2@1#811:26:27,346-2,ok,143.59738602243294
T3-2@1#758:43:44,T3-2,ok,37.16449961742586
286-2@1#740:83:84,286-2,ok,121.80515764489581
T12A-1@1#819:19:20,T12A-1,ok,14.455429720089512
2672-1@1#732:86:87,2672-1,ok,309.9301378985943
268-1@1#730:88:89,268-1,ok,206.9354125026873
5203-2@1#806:23:24,5203-2,ok,356.43364237039054
3946-1@1#824:10:11,3946-1,ok,234.6292187658505
375-1@1#750:47:48,375-1,ok,367.5532064169788
B55-1@1#745:63:64,B55-1,ok,4288.464835238474
T12-2@1#722:104:105,T12-2,ok,344.3531022241117
T6-1@1#753:42:43,T6-1,ok,176.20130207713876
T6-2@1#828:4:5,T6-2,ok,951.9705307833017
3973-1@1#736:82:83,3973-1,ok,343.98670902065
189-2@1#800:43:44,189-2,ok,254.499533523237
T1-1@1#813:26:27,T1-1,ok,181.16292742862015
T3-2@1#747:58:59,T3-2,ok,253.66039189131715
T12A-1@1#753:62:63,T12A-1,ok,259.8859468198036
286-2@1#740:84:85,286-2,ok,234.6292187658505
353-2@1#831:1:2,353-2,ok,221.88243865202367
3973-1@1#755:54:55,3973-1,ok,108.40444976069728
4382-2@1#831:1:2,4382-2,ok,221.88243865202367
6372-1@1#750:55:56,6372-1,ok,251.87905930382317
T5-1@1#822:11:12,T5-1,ok,971.4193185421018
T12A-1@1#819:20:21,T12A-1,ok,269.01528990197426
T8-2@1#818:12:13,T8-2,ok,368.8779407121749
2672-1@1#732:87:88,2672-1,ok,248.26021836205018
268-1@1#730:89:90,268-1,ok,356.56777524983306
731-1@1#815:25:26,731-1,ok,732.9470402482317
346-2@1#811:27:28,346-2,ok,254.6173949346665
T3-2@1#758:44:45,T3-2,ok,336.48251889986034
621-2@1#807:33:34,621-2,ok,611.5781358225219
T12-2@1#722:105:106,T12-2,ok,96.63909739753207
3946-1@1#824:11:12,3946-1,ok,213.07009632225277
5203-1@1#811:23:24,5203-1,ok,312.98904798079514
B55-1@1#745:64:65,B55-1,nonpositive_shape_progress,
375-1@1#750:48:49,375-1,ok,176.29231564453454
3973-1@1#736:83:84,3973-1,ok,6.371574482473765
T1-1@1#813:27:28,T1-1,ok,185.56509586868685
T6-1@1#753:43:44,T6-1,ok,257.2489091156658
189-2@1#800:44:45,189-2,ok,192.33280591963734
T6-2@1#828:5:6,T6-2,nonpositive_shape_progress,
T12A-1@1#753:63:64,T12A-1,ok,328.6702632364276
286-2@1#740:85:86,286-2,ok,267.01322419097266
T3-2@1#747:59:60,T3-2,ok,276.06628844514006
T12A-1@1#819:21:22,T12A-1,ok,248.21500251392783
3973-1@1#755:55:56,3973-1,ok,192.0271000128674
353-2@1#831:2:3,353-2,ok,257.00357884838473
6372-1@1#750:56:57,6372-1,ok,291.43746394447334
2672-1@1#732:88:89,2672-1,ok,167.49552847124528
268-1@1#730:90:91,268-1,ok,307.28835007133716
5203-2@1#806:24:25,5203-2,ok,201.46586439454248
T12-2@1#722:106:107,T12-2,ok,145.68101982461525
4382-2@1#831:2:3,4382-2,ok,257.00357884838473
3946-1@1#824:12:13,3946-1,nonpositive_shape_progress,
346-2@1#811:28:29,346-2,ok,7.68882690000981
T3-2@1#758:45:46,T3-2,ok,176.33094005280736
T5-1@1#822:12:13,T5-1,ok,371.777742644113
B55-1@1#745:65:66,B55-1,nonpositive_shape_progress,
3973-1@1#736:84:85,3973-1,ok,591.249007365702
5203-1@1#811:24:25,5203-1,ok,123.97181105197176
T12A-1@1#753:64:65,T12A-1,ok,371.3734035554767
286-2@1#740:86:87,286-2,ok,95.07119819217917
375-1@1#750:49:50,375-1,ok,183.9453310089032
T1-1@1#813:28:29,T1-1,ok,294.00782131226055
T8-2@1#818:13:14,T8-2,ok,279.1492339067962
189-2@1#800:45:46,189-2,ok,158.31985019797256
T12A-1@1#819:22:23,T12A-1,ok,478.22497390195923
3973-1@1#755:56:57,3973-1,ok,398.6300605398684
T3-2@1#747:60:61,T3-2,ok,370.1268332670323
T6-1@1#753:44:45,T6-1,ok,186.8030759011803
T6-2@1#828:6:7,T6-2,ok,330.99193657425747
2672-1@1#732:89:90,2672-1,ok,242.23191548541672
268-1@1#730:91:92,268-1,ok,470.45323871258563
6372-1@1#750:57:58,6372-1,ok,438.1034430915032
353-2@1#831:3:4,353-2,ok,17.322221467264978
353-2@1#831:4:5,353-2,ok,52.070581090294915
5203-2@1#806:25:26,5203-2,ok,322.0081704002639
3946-1@1#824:13:14,3946-1,ok,237.2615207036347
346-2@1#811:29:30,346-2,ok,162.13760117223268
4382-2@1#831:3:4,4382-2,ok,17.322221467264978
B55-1@1#745:66:67,B55-1,nonpositive_shape_progress,
T3-2@1#758:46:47,T3-2,ok,237.48419940255482
621-2@1#807:34:35,621-2,ok,242.0704252784665
353-2@1#831:5:6,353-2,ok,1441.4726097011994
T12A-1@1#753:65:66,T12A-1,ok,338.16074668280544
286-2@1#740:87:88,286-2,ok,329.6198094672743
T5-1@1#822:13:14,T5-1,ok,313.81072206716186
T12A-1@1#819:23:24,T12A-1,ok,14.61381951826404
T1-1@1#813:29:30,T1-1,ok,199.56265205886078
731-1@1#815:26:27,731-1,ok,173.4542384476929
189-2@1#800:46:47,189-2,ok,229.30920671126728
3973-1@1#755:57:58,3973-1,ok,348.2123230680284
5203-1@1#811:25:26,5203-1,ok,149.17906656541294
T8-2@1#818:14:15,T8-2,ok,259.08050651868626
375-1@1#750:50:51,375-1,ok,259.0869972001431
2672-1@1#732:90:91,2672-1,ok,196.7410184230393
T3-2@1#747:61:62,T3-2,ok,414.90565500783237
6372-1@1#750:58:59,6372-1,ok,194.88639103232532
T6-2@1#828:7:8,T6-2,ok,204.8339399239262
3946-1@1#824:14:15,3946-1,ok,176.1785706993571
621-2@1#807:35:36,621-2,ok,218.09913567302831
T6-1@1#753:45:46,T6-1,ok,406.47587890280516
731-1@1#815:27:28,731-1,ok,143.58760649809167
286-2@1#740:88:89,286-2,ok,389.20367601485424
B55-1@1#745:67:68,B55-1,ok,289.3191535610706
T12A-1@1#753:66:67,T12A-1,ok,127.25569121602702
346-2@1#811:30:31,346-2,ok,386.9293890710147
T3-2@1#758:47:48,T3-2,ok,345.39804871648425
E703-2@1#800:44:45,E703-2,ok,9397.86840633355
4382-2@1#831:4:5,4382-2,ok,52.070581090294915
T12A-1@1#819:24:25,T12A-1,ok,216.40786645094465
T1-1@1#813:30:31,T1-1,ok,209.06952155851852
3973-1@1#755:58:59,3973-1,ok,178.48266507954253
T5-1@1#822:14:15,T5-1,ok,195.7000592606883
189-2@1#800:47:48,189-2,ok,154.6606096085426
731-1@1#815:28:29,731-1,ok,245.6665909083581
2672-1@1#732:91:92,2672-1,ok,370.6613532309196
5203-2@1#806:26:27,5203-2,ok,273.6460830630628
T8-2@1#818:15:16,T8-2,ok,267.3488348483207
5203-1@1#811:26:27,5203-1,ok,147.496742637581
621-2@1#807:36:37,621-2,ok,198.15706994440671
375-1@1#750:51:52,375-1,ok,227.4684928163976
286-2@1#740:89:90,286-2,ok,369.32436713720506
6372-1@1#750:59:60,6372-1,ok,188.47915081717176
T12A-1@1#753:67:68,T12A-1,ok,208.1054637171802
3946-1@1#824:15:16,3946-1,ok,290.46169457623927
T12A-1@1#819:25:26,T12A-1,ok,105.51406102697727
B55-1@1#745:68:69,B55-1,ok,327.98991514883164
T6-2@1#828:8:9,T6-2,ok,81.80864875441286
346-2@1#811:31:32,346-2,ok,378.64518461185025
T3-2@1#758:48:49,T3-2,ok,412.49777634407724
E703-2@1#800:45:46,E703-2,ok,3040.1456697392905
T6-1@1#753:46:47,T6-1,ok,642.6600676570655
T1-1@1#813:31:32,T1-1,ok,264.3100170522497
3973-1@1#755:59:60,3973-1,ok,391.1452686610363
4382-2@1#831:5:6,4382-2,ok,1695.5338806002064
731-1@1#815:29:30,731-1,ok,150.5981318200998
621-2@1#807:37:38,621-2,ok,290.73029841275263
189-2@1#800:48:49,189-2,ok,34.0887789258244
2672-1@1#732:92:93,2672-1,ok,263.07521467770835
286-2@1#740:90:91,286-2,ok,281.2651132964105
T5-1@1#822:15:16,T5-1,ok,593.3866161977421
T12A-1@1#753:68:69,T12A-1,ok,386.6854465750738
T8-2@1#818:16:17,T8-2,ok,240.1694424183535
T12A-1@1#819:26:27,T12A-1,ok,276.0730038602344
3946-1@1#824:16:17,3946-1,ok,265.12677711042136
6372-1@1#750:60:61,6372-1,ok,254.42217142799018
731-1@1#815:30:31,731-1,ok,249.64490546346406
375-1@1#750:52:53,375-1,ok,495.69431800132855
5203-1@1#811:27:28,5203-1,ok,168.97416270791547
B55-1@1#745:69:70,B55-1,ok,205.84936387923818
5203-2@1#806:27:28,5203-2,ok,318.085041215456
346-2@1#811:32:33,346-2,ok,417.2111949077411
T3-2@1#758:49:50,T3-2,ok,566.0646541103021
3973-1@1#755:60:61,3973-1,ok,167.1086562060919
T1-1@1#813:32:33,T1-1,ok,380.4559862750435
T6-2@1#828:9:10,T6-2,ok,295.43881830461083
4382-2@1#831:6:7,4382-2,ok,137.06182348219141
621-2@1#807:38:39,621-2,ok,205.65395237334883
T6-1@1#753:47:48,T6-1,ok,308.6214512111186
189-2@1#800:49:50,189-2,ok,104.3154148280526
2672-1@1#732:93:94,2672-1,ok,138.99921571345607
286-2@1#740:91:92,286-2,ok,191.71629804919004
T12A-1@1#753:69:70,T12A-1,ok,314.9407004553286
T12A-1@1#819:27:28,T12A-1,ok,202.3627305333207
731-1@1#815:31:32,731-1,ok,308.1576974955488
T8-2@1#818:17:18,T8-2,ok,359.9933098004469
3946-1@1#824:17:18,3946-1,ok,111.01703390064753
6372-1@1#750:61:62,6372-1,ok,217.8791844581864
T5-1@1#822:16:17,T5-1,ok,172.01550112153214
B55-1@1#745:70:71,B55-1,ok,130.1689869865572
5203-1@1#811:28:29,5203-1,ok,282.48285901190235
621-2@1#807:39:40,621-2,ok,207.2659024473875
T1-1@1#813:33:34,T1-1,ok,258.8010155891307
346-2@1#811:33:34,346-2,ok,300.8792308040861
T3-2@1#758:50:51,T3-2,ok,334.9423169260683
286-2@1#740:92:93,286-2,ok,242.95447605525547
T12A-1@1#753:70:71,T12A-1,ok,197.2793019078942
2672-1@1#732:94:95,2672-1,ok,332.522932936081
189-2@1#800:50:51,189-2,ok,299.9218386219379
T6-2@1#828:10:11,T6-2,ok,211.57307360167397
T12A-1@1#819:28:29,T12A-1,ok,771.2682009820761
4382-2@1#831:7:8,4382-2,ok,195.53832883417985
T6-1@1#753:48:49,T6-1,ok,344.3007234834965
5203-2@1#806:28:29,5203-2,ok,251.0140530540628
731-1@1#815:32:33,731-1,ok,250.1896162350822
3946-1@1#824:18:19,3946-1,ok,163.81427035581044
621-2@1#807:40:41,621-2,ok,169.4372089374042
286-2@1#740:93:94,286-2,ok,458.08334025797205
T1-1@1#813:34:35,T1-1,ok,276.1047672748029
T5-1@1#822:17:18,T5-1,ok,244.58542666828686
T12A-1@1#753:71:72,T12A-1,ok,262.81772927619085
346-2@1#811:34:35,346-2,ok,243.87983298487148
T3-2@1#758:51:52,T3-2,ok,475.1049823609358
T8-2@1#818:18:19,T8-2,ok,203.19221500896333
2672-1@1#732:95:96,2672-1,ok,222.31350805242346
T12A-1@1#819:29:30,T12A-1,ok,340.18243976995865
189-2@1#800:51:52,189-2,ok,167.17142884805327
621-2@1#807:41:42,621-2,ok,174.78234997610951
731-1@1#815:33:34,731-1,ok,224.24818239057421
T6-2@1#828:11:12,T6-2,ok,330.4858236275813
4382-2@1#831:8:9,4382-2,ok,26.231470891233638
3946-1@1#824:19:20,3946-1,ok,311.83273766155196
286-2@1#740:94:95,286-2,ok,192.25927185491022
T6-1@1#753:49:50,T6-1,ok,387.94380211288734
5203-2@1#806:29:30,5203-2,ok,257.66939240194426
T1-1@1#813:35:36,T1-1,ok,563.2943726840696
T12A-1@1#753:72:73,T12A-1,ok,233.8213083746589
T8-2@1#818:19:20,T8-2,ok,513.1461746494044
T12A-1@1#819:30:31,T12A-1,nonpositive_shape_progress,
353-2@1#831:6:7,353-2,ok,972.2032839181154
2672-1@1#732:96:97,2672-1,ok,333.112096112947
346-2@1#811:35:36,346-2,ok,251.8452996207767
T3-2@1#758:52:53,T3-2,ok,152.304486252779
T5-1@1#822:18:19,T5-1,ok,239.21533489142809
731-1@1#815:34:35,731-1,ok,183.93791213526328
189-2@1#800:52:53,189-2,ok,128.06507822253607
3946-1@1#824:20:21,3946-1,ok,300.602945721266
4382-2@1#831:9:10,4382-2,ok,166.0889868146727
T6-2@1#828:12:13,T6-2,ok,424.35353207567374
T12A-1@1#753:73:74,T12A-1,ok,137.97652219336493
T1-1@1#813:36:37,T1-1,ok,186.20476785394206
731-1@1#815:35:36,731-1,ok,144.33783130869523
T12A-1@1#819:31:32,T12A-1,ok,602.6057088393208
T6-1@1#753:50:51,T6-1,ok,993.2245942658782
2672-1@1#732:97:98,2672-1,ok,301.4088323426209
346-2@1#811:36:37,346-2,ok,588.2038605210489
189-2@1#800:53:54,189-2,ok,285.408272304435
731-1@1#815:36:37,731-1,ok,177.50249053577386
T5-1@1#822:19:20,T5-1,ok,251.87905930382317
3946-1@1#824:21:22,3946-1,ok,281.2651132964105
T12A-1@1#753:74:75,T12A-1,ok,219.35271661616548
T12A-1@1#819:32:33,T12A-1,ok,267.93471974361523
4382-2@1#831:10:11,4382-2,ok,216.74794015124766
T1-1@1#813:37:38,T1-1,ok,108.86557859541797
T6-2@1#828:13:14,T6-2,ok,262.06657423937236
2672-1@1#732:98:99,2672-1,ok,352.0339810558264
731-1@1#815:37:38,731-1,ok,220.5044005245374
T8-2@1#818:20:21,T8-2,ok,340.5817293092628
346-2@1#811:37:38,346-2,nonpositive_shape_progress,
T6-1@1#753:51:52,T6-1,nonpositive_shape_progress,
189-2@1#800:54:55,189-2,ok,21.59121340303481
T12A-1@1#753:75:76,T12A-1,ok,239.17244840602848
3946-1@1#824:22:23,3946-1,ok,191.71629804919004
T12A-1@1#819:33:34,T12A-1,nonpositive_shape_progress,
T5-1@1#822:20:21,T5-1,ok,291.43746394447334
731-1@1#815:38:39,731-1,ok,261.17255104423054
T1-1@1#813:38:39,T1-1,ok,158.13302278426247
2672-1@1#732:99:100,2672-1,ok,197.5570593282551
4382-2@1#831:11:12,4382-2,ok,218.74628515647734
T6-2@1#828:14:15,T6-2,ok,220.9121306155515
346-2@1#811:38:39,346-2,ok,251.79777788518243
T12A-1@1#753:76:77,T12A-1,ok,264.7743533551983
189-2@1#800:55:56,189-2,ok,228.91174671757702
T12A-1@1#819:34:35,T12A-1,ok,830.0292726661454
T8-2@1#818:21:22,T8-2,ok,128.66283445356706
T6-1@1#753:52:53,T6-1,ok,103.45557613953147
3946-1@1#824:23:24,3946-1,ok,242.95447605525547
731-1@1#815:39:40,731-1,ok,487.4960494253048
T1-1@1#813:39:40,T1-1,ok,410.0093757190974
2672-1@1#732:100:101,2672-1,ok,162.72818082806918
E703-1@1#840:1:2,E703-1,ok,3512.7623944099696
T5-1@1#822:21:22,T5-1,ok,438.1034430915032
T8-2@1#818:22:23,T8-2,ok,209.68002256368405
4382-2@1#831:12:13,4382-2,ok,380.9549504284796
T12A-1@1#753:77:78,T12A-1,ok,304.2212107637088
353-2@1#831:7:8,353-2,ok,568.7278817772064
T6-2@1#828:15:16,T6-2,ok,225.90054888457527
T12A-1@1#819:35:36,T12A-1,ok,722.1542777347873
346-2@1#811:39:40,346-2,ok,348.57207222707217
3946-1@1#824:24:25,3946-1,ok,458.08334025797205
T1-1@1#813:40:41,T1-1,ok,373.1905371624473
2672-1@1#732:101:102,2672-1,ok,179.6489892583678
T6-1@1#753:53:54,T6-1,ok,464.80498597744486
T8-2@1#818:23:24,T8-2,ok,224.52594300520886
T12A-1@1#753:78:79,T12A-1,ok,252.93916936682865
E703-1@1#840:2:3,E703-1,nonpositive_shape_progress,
T12A-1@1#819:36:37,T12A-1,nonpositive_shape_progress,
T5-1@1#822:22:23,T5-1,ok,194.88639103232532
4382-2@1#831:13:14,4382-2,ok,241.77303386787338
346-2@1#811:40:41,346-2,ok,321.0106111954881
T6-2@1#828:16:17,T6-2,ok,329.8550418004389
3946-1@1#824:25:26,3946-1,ok,508.6613402989941
T1-1@1#813:41:42,T1-1,ok,245.6634668205879
2672-1@1#732:102:103,2672-1,ok,290.17485097927954
T12A-1@1#753:79:80,T12A-1,ok,391.28222833817074
T8-2@1#818:24:25,T8-2,ok,113.77915520926499
T12A-1@1#819:37:38,T12A-1,ok,55.327330674051055
T6-1@1#753:54:55,T6-1,ok,92.04254684309785
E703-1@1#840:3:4,E703-1,ok,811.2939388373219
T5-1@1#822:23:24,T5-1,ok,188.47915081717176
T8-2@1#818:25:26,T8-2,ok,536.3008540923437
4382-2@1#831:14:15,4382-2,ok,87.24836304518718
346-2@1#811:41:42,346-2,ok,109.04170384207494
T1-1@1#813:42:43,T1-1,ok,301.4058724800146
T6-2@1#828:17:18,T6-2,ok,648.9666430515247
353-2@1#831:8:9,353-2,ok,26.680166166671604
2672-1@1#732:103:104,2672-1,ok,257.62748586047366
T12A-1@1#753:80:81,T12A-1,ok,183.59506309532432
5203-2@1#828:13:14,5203-2,ok,253.34733945762105
353-2@1#831:9:10,353-2,ok,363.9354946184107
T12A-1@1#819:38:39,T12A-1,nonpositive_shape_progress,
624-2@1#821:17:18,624-2,ok,149.0572286880618
T6-1@1#753:55:56,T6-1,ok,457.1240048616283
346-2@1#811:42:43,346-2,ok,257.1517937950546
E703-1@1#840:4:5,E703-1,nonpositive_shape_progress,
T12A-1@1#753:81:82,T12A-1,ok,352.4532892176255
4382-2@1#831:15:16,4382-2,ok,268.51065636110826
T1-1@1#813:43:44,T1-1,ok,215.96558953019857
T5-1@1#822:24:25,T5-1,ok,254.42217142799018
2672-1@1#732:104:105,2672-1,ok,88.6376169001671
T12A-1@1#819:39:40,T12A-1,ok,724.8394337392224
624-2@1#821:18:19,624-2,ok,643.5169812430995
T6-2@1#828:18:19,T6-2,ok,714.9601872727409
5203-2@1#828:14:15,5203-2,ok,168.8658581634861
375-2@1#809:37:38,375-2,ok,253.1153624375861
353-2@1#831:10:11,353-2,ok,29.522766917085097
T12A-1@1#753:82:83,T12A-1,ok,291.29013785000456
T12A-1@1#819:40:41,T12A-1,ok,267.8172226612285
2672-1@1#732:105:106,2672-1,ok,350.74615023254523
T1-1@1#813:44:45,T1-1,ok,259.20772912640564
T6-1@1#753:56:57,T6-1,ok,175.8777178232245
4382-2@1#831:16:17,4382-2,ok,351.03909477605737
E703-1@1#840:5:6,E703-1,nonpositive_shape_progress,
T5-1@1#822:25:26,T5-1,ok,217.8791844581864
5203-2@1#828:15:16,5203-2,ok,445.97421561038556
T6-2@1#828:19:20,T6-2,ok,367.0754382075863
T12A-1@1#753:83:84,T12A-1,ok,219.88574693218067
375-2@1#809:38:39,375-2,ok,415.920654661001
2672-1@1#732:106:107,2672-1,ok,491.8318453090406
T1-1@1#813:45:46,T1-1,ok,305.14941778161995
4382-2@1#831:17:18,4382-2,ok,249.35408527028264
T6-1@1#753:57:58,T6-1,ok,341.76293902583245
T10-2@1#838:8:9,T10-2,ok,591.0992046944064
E703-1@1#840:6:7,E703-1,nonpositive_shape_progress,
T12A-1@1#753:84:85,T12A-1,ok,111.87199845135814
T5-1@1#822:26:27,T5-1,ok,294.23943321725255
T6-2@1#828:20:21,T6-2,ok,303.8817656110052
272-2@1#830:22:23,272-2,ok,380.8175719447513
B25-1@1#740:104:105,B25-1,ok,16673.09661253434
2672-1@1#732:107:108,2672-1,ok,452.85105930924544
624-2@1#821:19:20,624-2,ok,58.58020459834
T1-1@1#813:46:47,T1-1,ok,180.8690179998575
624-2@1#821:20:21,624-2,ok,675.9408886963433
375-2@1#809:39:40,375-2,ok,683.4154118197778
T12A-1@1#753:85:86,T12A-1,ok,214.19200195882627
4382-2@1#831:18:19,4382-2,ok,183.6142439243664
470-2@1#824:20:21,470-2,ok,367.0754382075863
T6-1@1#753:58:59,T6-1,ok,480.3150688836498
E703-1@1#840:7:8,E703-1,ok,2227.19635482536
B25-1@1#740:105:106,B25-1,nonpositive_shape_progress,
T5-1@1#822:27:28,T5-1,ok,244.04016920837776
5203-2@1#828:16:17,5203-2,ok,223.24837661402782
2672-1@1#732:108:109,2672-1,ok,372.1937348612966
T6-2@1#828:21:22,T6-2,ok,442.6102673161563
T1-1@1#813:47:48,T1-1,ok,249.9813815517792
T12A-1@1#753:86:87,T12A-1,ok,358.42605285705145
T10-2@1#838:9:10,T10-2,ok,464.0133472634425
375-2@1#809:40:41,375-2,ok,1062.369973946526
B25-1@1#740:106:107,B25-1,nonpositive_shape_progress,
4382-2@1#831:19:20,4382-2,ok,371.71773493273474
2672-1@1#732:109:110,2672-1,ok,403.147674972848
E703-1@1#840:8:9,E703-1,ok,496.1700332040416
T1-1@1#813:48:49,T1-1,ok,279.3454743251398
T5-1@1#822:28:29,T5-1,ok,160.8511609647942
T6-2@1#828:22:23,T6-2,ok,490.13498974352933
T12A-1@1#753:87:88,T12A-1,ok,136.7409614589519
470-2@1#824:21:22,470-2,ok,303.8817656110052
B25-1@1#740:107:108,B25-1,nonpositive_shape_progress,
2672-1@1#732:110:111,2672-1,ok,255.73437655081042
375-2@1#809:41:42,375-2,ok,704.5460825983869
T1-1@1#813:49:50,T1-1,ok,309.7939275097663
T12A-1@1#753:88:89,T12A-1,ok,303.79863979114384
3973-1@1#755:78:79,3973-1,ok,175.8777178232245
624-2@1#821:21:22,624-2,ok,515.4238361088713
E703-1@1#840:9:10,E703-1,ok,135.32168187996893
T10-2@1#838:10:11,T10-2,ok,310.1663989148331
B25-1@1#740:108:109,B25-1,ok,18685.348439902362
T5-1@1#822:29:30,T5-1,ok,48.51341719941988
T6-2@1#828:23:24,T6-2,ok,535.5455632088903
470-2@1#824:22:23,470-2,ok,112.20801224698928
2672-1@1#732:111:112,2672-1,ok,185.9119391758077
T12A-1@1#753:89:90,T12A-1,ok,307.58082384619695
T1-1@1#813:50:51,T1-1,ok,160.63051082525067
3973-1@1#755:79:80,3973-1,ok,341.76293902583245
211-2@1#840:12:13,211-2,ok,41.9890004902403
470-2@1#824:23:24,470-2,ok,278.88780689244265
375-2@1#809:42:43,375-2,ok,31.34479913658659
B25-1@1#740:109:110,B25-1,nonpositive_shape_progress,
T10-2@1#838:11:12,T10-2,ok,472.09049084282265
E703-1@1#840:10:11,E703-1,ok,32.749029026116574
T6-2@1#828:24:25,T6-2,ok,329.59397145123734
T5-1@1#822:30:31,T5-1,ok,310.1392809283212
2672-1@1#732:112:113,2672-1,ok,413.69226047584834
T12A-1@1#753:90:91,T12A-1,ok,32.5588851615061
T1-1@1#813:51:52,T1-1,ok,273.548513995952
3973-1@1#755:80:81,3973-1,ok,531.8510443135
211-2@1#840:13:14,211-2,ok,441.6056438424237
B25-1@1#740:110:111,B25-1,nonpositive_shape_progress,
624-2@1#821:22:23,624-2,ok,127.61536793915866
470-2@1#824:24:25,470-2,ok,166.87053313550354
375-2@1#809:43:44,375-2,ok,193.86917127054423
T12A-1@1#753:91:92,T12A-1,ok,355.3995942674042
E703-1@1#840:11:12,E703-1,ok,168.65446782419926
2672-1@1#732:113:114,2672-1,ok,197.20772554934572
T6-2@1#828:25:26,T6-2,ok,225.51847002993054
3973-1@1#755:81:82,3973-1,ok,11.115731525178076
624-2@1#821:23:24,624-2,ok,1007.8066599939401
T1-1@1#813:52:53,T1-1,ok,266.27905332657497
T5-1@1#822:31:32,T5-1,ok,183.78524724021472
B25-1@1#740:111:112,B25-1,nonpositive_shape_progress,
T10-2@1#838:12:13,T10-2,ok,368.8779407121749
470-2@1#824:25:26,470-2,ok,90.15934439725231
T12A-1@1#753:92:93,T12A-1,ok,278.4417893438662
2672-1@1#732:114:115,2672-1,ok,243.79469650141834
B25-1@1#740:112:113,B25-1,nonpositive_shape_progress,
375-2@1#809:44:45,375-2,ok,615.7029390318177
3973-1@1#755:82:83,3973-1,ok,343.98670902065
T1-1@1#813:53:54,T1-1,ok,175.8777178232245
E703-1@1#840:12:13,E703-1,ok,134.6968606830553
T5-1@1#822:32:33,T5-1,ok,215.9100322893965
T10-2@1#838:13:14,T10-2,ok,279.1492339067962
T12A-1@1#753:93:94,T12A-1,ok,248.31840059279588
2672-1@1#732:115:116,2672-1,ok,283.57289674649707
B25-1@1#740:113:114,B25-1,nonpositive_shape_progress,
3973-1@1#755:83:84,3973-1,ok,6.371574482473765
T1-1@1#813:54:55,T1-1,ok,341.76293902583245
E703-1@1#840:13:14,E703-1,ok,252.28534051061456
T12A-1@1#753:94:95,T12A-1,ok,355.97161704620163
T10-2@1#838:14:15,T10-2,ok,259.08050651868626
T5-1@1#822:33:34,T5-1,ok,207.11752548389788
B25-1@1#740:114:115,B25-1,nonpositive_shape_progress,
2672-1@1#732:116:117,2672-1,ok,458.3541181334936
3973-1@1#755:84:85,3973-1,ok,591.249007365702
T1-1@1#813:55:56,T1-1,ok,454.30588578909936
T12A-1@1#753:95:96,T12A-1,ok,190.004684800925
T10-2@1#838:15:16,T10-2,ok,267.3488348483207
E703-1@1#840:14:15,E703-1,ok,22.979490637265762
B25-1@1#740:115:116,B25-1,nonpositive_shape_progress,
2672-1@1#732:117:118,2672-1,ok,615.842118370085
T5-1@1#822:34:35,T5-1,ok,26.231470891233638
T1-1@1#813:56:57,T1-1,ok,176.29231564453454
T12A-1@1#753:96:97,T12A-1,ok,358.17866423635735
624-2@1#821:24:25,624-2,ok,198.15706994440671
B25-1@1#740:116:117,B25-1,nonpositive_shape_progress,
T10-2@1#838:16:17,T10-2,ok,240.1694424183535
2672-1@1#732:118:119,2672-1,ok,466.96709789186474
E703-1@1#840:15:16,E703-1,ok,253.21874151822334
T1-1@1#813:57:58,T1-1,ok,183.9453310089032
T12A-1@1#753:97:98,T12A-1,ok,351.49766578088
T5-1@1#822:35:36,T5-1,ok,166.0889868146727
624-2@1#821:25:26,624-2,ok,496.38425078610146
B25-1@1#740:117:118,B25-1,nonpositive_shape_progress,
T10-2@1#838:17:18,T10-2,ok,359.9933098004469
2672-1@1#732:119:120,2672-1,ok,404.64340822111666
T12A-1@1#753:98:99,T12A-1,ok,342.9373360104213
T1-1@1#813:58:59,T1-1,ok,259.0869972001431
E703-1@1#840:16:17,E703-1,ok,248.5662202951851
B25-1@1#740:118:119,B25-1,nonpositive_shape_progress,
T5-1@1#822:36:37,T5-1,ok,131.44032579819248
2672-1@1#732:120:121,2672-1,ok,304.49302710606406
T10-2@1#838:18:19,T10-2,ok,203.19221500896333
T12A-1@1#753:99:100,T12A-1,ok,289.45839142131086
T1-1@1#813:59:60,T1-1,ok,227.4684928163976
B25-1@1#740:119:120,B25-1,nonpositive_shape_progress,
E703-1@1#840:17:18,E703-1,ok,121.72532581810125
624-2@1#821:26:27,624-2,ok,207.2659024473875
T10-2@1#838:19:20,T10-2,ok,513.1461746494044
2672-1@1#732:121:122,2672-1,ok,923.4233315977328
T5-1@1#822:37:38,T5-1,ok,426.714855568537
T12A-1@1#753:100:101,T12A-1,ok,114.79366620543783
B25-1@1#740:120:121,B25-1,nonpositive_shape_progress,
T1-1@1#813:60:61,T1-1,ok,495.69431800132855
624-2@1#821:27:28,624-2,ok,344.2195589135137
T12A-1@1#753:101:102,T12A-1,ok,517.4322116791784
E703-1@1#840:18:19,E703-1,ok,249.95378391075036
E178-1@1#854:2:3,E178-1,ok,152.81038676274312
B25-1@1#740:121:122,B25-1,nonpositive_shape_progress,
T5-1@1#822:38:39,T5-1,ok,242.91984418506556
T1-1@1#813:61:62,T1-1,ok,242.2362892556224
T10-2@1#838:20:21,T10-2,ok,157.67161595442107
T12A-1@1#753:102:103,T12A-1,ok,339.19549630491
B25-1@1#740:122:123,B25-1,nonpositive_shape_progress,
624-2@1#821:28:29,624-2,ok,60.95350987579182
E703-1@1#840:19:20,E703-1,ok,190.77984264552072
T10-2@1#838:21:22,T10-2,ok,448.5441045699416
T1-1@1#813:62:63,T1-1,ok,87.21745916999642
624-2@1#821:29:30,624-2,ok,207.44675808504047
T12A-1@1#753:103:104,T12A-1,ok,165.09988711625655
E178-1@1#854:3:4,E178-1,ok,353.6235361117824
B25-1@1#740:123:124,B25-1,nonpositive_shape_progress,
T1-1@1#813:63:64,T1-1,ok,69.6839336773972
624-2@1#821:30:31,624-2,ok,130.63791173972007
E703-1@1#840:20:21,E703-1,ok,375.4453645441333
T12A-1@1#753:104:105,T12A-1,ok,543.3647206075793
B25-1@1#740:124:125,B25-1,nonpositive_shape_progress,
T10-2@1#838:22:23,T10-2,ok,311.9221019869412
624-2@1#821:31:32,624-2,ok,162.3359513855879
E178-1@1#854:4:5,E178-1,ok,478.69625962589396
T12A-1@1#753:105:106,T12A-1,ok,284.4855360144204
624-2@1#821:32:33,624-2,ok,294.4012599888002
B25-1@1#740:125:126,B25-1,nonpositive_shape_progress,
E703-1@1#840:21:22,E703-1,ok,252.90023994749944
T10-2@1#838:23:24,T10-2,ok,317.65734767657136
T12A-1@1#753:106:107,T12A-1,ok,630.575734172066
B25-1@1#740:126:127,B25-1,nonpositive_shape_progress,
E703-1@1#840:22:23,E703-1,ok,563.3349023672149
624-2@1#821:33:34,624-2,ok,195.5949393715779
E178-1@1#854:5:6,E178-1,ok,282.57383491842853
T12A-1@1#753:107:108,T12A-1,ok,123.84259697642761
T3-2@1#834:29:30,T3-2,ok,96.1407747165833
T10-2@1#838:24:25,T10-2,ok,159.71177405273187
B25-1@1#740:127:128,B25-1,nonpositive_shape_progress,
624-2@1#821:34:35,624-2,ok,174.88793560681157
T10-2@1#838:25:26,T10-2,ok,213.65804226433414
T12A-1@1#753:108:109,T12A-1,ok,342.0392025696036
E703-1@1#840:23:24,E703-1,ok,162.45791548308262
B25-1@1#740:128:129,B25-1,nonpositive_shape_progress,
T3-2@1#834:30:31,T3-2,ok,222.85638729168124
624-2@1#821:35:36,624-2,ok,207.1110195109931
T10-2@1#838:26:27,T10-2,ok,387.3446038407001
E178-1@1#854:6:7,E178-1,ok,335.51078988518503
T12A-1@1#753:109:110,T12A-1,ok,188.9182858129793
B25-1@1#740:129:130,B25-1,nonpositive_shape_progress,
E703-1@1#840:24:25,E703-1,ok,219.70438893727723
624-2@1#821:36:37,624-2,ok,111.84540556158903
T3-2@1#834:31:32,T3-2,ok,50.22115584796766
T12A-1@1#753:110:111,T12A-1,ok,125.5246797494109
624-2@1#821:37:38,624-2,ok,96.87299558892622
T10-2@1#838:27:28,T10-2,ok,571.8049712722263
B25-1@1#740:130:131,B25-1,nonpositive_shape_progress,
624-2@1#821:38:39,624-2,ok,81.31450257286853
E703-1@1#840:25:26,E703-1,ok,171.8510007327359
624-2@1#821:39:40,624-2,ok,123.47625891020587
B25-1@1#740:131:132,B25-1,nonpositive_shape_progress,
T3-2@1#834:32:33,T3-2,ok,470.4998187021872
624-2@1#821:40:41,624-2,ok,221.94852784141477
B25-1@1#740:132:133,B25-1,nonpositive_shape_progress,
E703-1@1#840:26:27,E703-1,ok,252.45732427957427
T10-2@1#838:28:29,T10-2,ok,255.14377744358853
T3-2@1#834:33:34,T3-2,ok,125.55315529307799
624-2@1#821:41:42,624-2,ok,163.08652892460964
B25-1@1#740:133:134,B25-1,nonpositive_shape_progress,
E703-1@1#840:27:28,E703-1,ok,285.4887374708671
T10-2@1#838:29:30,T10-2,ok,378.9353583012387
T3-2@1#834:34:35,T3-2,ok,236.7183391555595
B25-1@1#740:134:135,B25-1,nonpositive_shape_progress,
B25-1@1#740:135:136,B25-1,nonpositive_shape_progress,
T10-2@1#838:30:31,T10-2,ok,393.6308854772912
T3-2@1#834:35:36,T3-2,ok,162.46810244923648
B25-1@1#740:136:137,B25-1,nonpositive_shape_progress,
T10-2@1#838:31:32,T10-2,ok,242.46616153782887
T3-2@1#834:36:37,T3-2,ok,51.44915199217313
B25-1@1#740:137:138,B25-1,nonpositive_shape_progress,
T10-2@1#838:32:33,T10-2,ok,491.47287846369926
B25-1@1#740:138:139,B25-1,nonpositive_shape_progress,
T3-2@1#834:37:38,T3-2,ok,358.1163187248321
T3-2@1#834:38:39,T3-2,ok,248.62399223223304
T10-2@1#838:33:34,T10-2,ok,469.2362425402417
T3-2@1#834:39:40,T3-2,ok,160.33407900280818
T10-2@1#838:34:35,T10-2,ok,560.6266635223519
T3-2@1#834:40:41,T3-2,ok,373.70760485626056
T3-2@1#834:41:42,T3-2,ok,278.1446435350692
T3-2@1#834:42:43,T3-2,ok,459.2865898404171
T3-2@1#834:43:44,T3-2,ok,37.16449961742586
T3-2@1#834:44:45,T3-2,ok,336.48251889986034
T6-1@1#905:10:11,T6-1,ok,680.7829271807012
T3-2@1#834:45:46,T3-2,ok,176.33094005280736
T6-1@1#905:11:12,T6-1,ok,416.86465175610425
T3-2@1#834:46:47,T3-2,ok,237.48419940255482
T6-1@1#905:12:13,T6-1,ok,674.0237152761171
T3-2@1#834:47:48,T3-2,ok,345.39804871648425
T6-1@1#905:13:14,T6-1,ok,237.08104558889283
T3-2@1#834:48:49,T3-2,ok,412.49777634407724
T3-2@1#834:49:50,T3-2,ok,566.0646541103021
T3-2@1#834:50:51,T3-2,ok,334.9423169260683
T3-2@1#834:51:52,T3-2,ok,475.1049823609358
T3-2@1#834:52:53,T3-2,ok,152.304486252779
621-2@1#855:33:34,621-2,ok,611.5781358225219
T3-2@1#834:53:54,T3-2,ok,253.34733945762105
621-2@1#855:34:35,621-2,ok,242.0704252784665
621-2@1#855:35:36,621-2,ok,218.09913567302831
621-2@1#855:36:37,621-2,ok,198.15706994440671
621-2@1#855:37:38,621-2,ok,290.73029841275263
621-2@1#855:38:39,621-2,ok,205.65395237334883
621-2@1#855:39:40,621-2,ok,207.2659024473875
621-2@1#855:40:41,621-2,ok,169.4372089374042
621-2@1#855:41:42,621-2,ok,174.78234997610951
621-2@1#855:42:43,621-2,ok,60.95350987579182
621-2@1#855:43:44,621-2,ok,207.44675808504047
621-2@1#855:44:45,621-2,ok,130.63791173972007
621-2@1#855:45:46,621-2,ok,162.3359513855879
621-2@1#855:46:47,621-2,ok,294.4012599888002
621-2@1#855:47:48,621-2,ok,195.5949393715779
621-2@1#855:48:49,621-2,ok,335.35184870411945
621-2@1#855:49:50,621-2,ok,265.037335514687
621-2@1#855:50:51,621-2,ok,204.37281791374602
621-2@1#855:51:52,621-2,ok,278.20015192402684
621-2@1#855:52:53,621-2,ok,254.9851400233958
621-2@1#855:53:54,621-2,ok,204.76295111264974
621-2@1#855:54:55,621-2,ok,89.81950774769174
621-2@1#855:55:56,621-2,ok,293.0616414711649
621-2@1#855:56:57,621-2,ok,593.0081122227384
621-2@1#855:57:58,621-2,ok,40.994523478923206
621-2@1#855:58:59,621-2,ok,207.60775929307113
621-2@1#855:59:60,621-2,ok,159.90057894244927
621-2@1#855:60:61,621-2,ok,49.63128397755409
621-2@1#855:61:62,621-2,ok,510.63052122796194
