figure,group,income_group,mode,seed
v02_rotas_low_proxy_diaria.png,rotas_por_classe,low,all,42
v02_rotas_middle_proxy_diaria.png,rotas_por_classe,middle,all,42
v02_rotas_high_proxy_diaria.png,rotas_por_classe,high,all,42
v02_rotas_todas_classes_proxy_diaria.png,rotas_todas_classes,all,all,42
v02_fluxo_low_proxy_diaria.png,fluxo_por_classe,low,all,multi-seed
v02_fluxo_middle_proxy_diaria.png,fluxo_por_classe,middle,all,multi-seed
v02_fluxo_high_proxy_diaria.png,fluxo_por_classe,high,all,multi-seed
v02_mapa_dominancia_classe.png,dominancia_classe,all,all,multi-seed
v02_low_walk.png,modo_x_classe_individual,low,walk,multi-seed
v02_low_bike.png,modo_x_classe_individual,low,bike,multi-seed
v02_low_car.png,modo_x_classe_individual,low,car,multi-seed
v02_low_transit.png,modo_x_classe_individual,low,transit,multi-seed
v02_middle_walk.png,modo_x_classe_individual,middle,walk,multi-seed
v02_middle_bike.png,modo_x_classe_individual,middle,bike,multi-seed
v02_middle_car.png,modo_x_classe_individual,middle,car,multi-seed
v02_middle_transit.png,modo_x_classe_individual,middle,transit,multi-seed
v02_high_walk.png,modo_x_classe_individual,high,walk,multi-seed
v02_high_bike.png,modo_x_classe_individual,high,bike,multi-seed
v02_high_car.png,modo_x_classe_individual,high,car,multi-seed
v02_high_transit.png,modo_x_classe_individual,high,transit,multi-seed
v02_painel_modo_x_classe.png,modo_x_classe_painel,all,all,multi-seed
v02_comportamento_modal_baseline_vs_classe.png,mudanca_comportamental,all,all,multi-seed
v02_taxa_mudanca_comportamental_por_classe.png,mudanca_comportamental,all,all,multi-seed
v02_sobreposicao_rotas_por_classe.png,sobreposicao_rotas,all,all,multi-seed
