source_file,present,rows,columns
agency.txt,True,1,agency_id|agency_name|agency_url|agency_timezone|agency_lang|agency_phone|agency_fare_url
stops.txt,True,5909,stop_id|stop_code|stop_name|stop_desc|stop_lat|stop_lon
routes.txt,True,395,route_id|agency_id|route_short_name|route_long_name|route_desc|route_type|route_url|route_color|route_text_color
trips.txt,True,29457,route_id|service_id|trip_id|trip_headsign|trip_short_name|direction_id|block_id|shape_id|wheelchair_accessible
stop_times.txt,True,1761758,trip_id|arrival_time|departure_time|stop_id|stop_sequence|arrival_seconds|departure_seconds|arrival_missing_raw|departure_missing_raw|time_interpolated|time_filled_from_pair|time_interpolation_method|shape_id|shape_position_m|time_regularized|time_regularization_method|temporal_regularization_feasible
calendar.txt,True,660,service_id|monday|tuesday|wednesday|thursday|friday|saturday|sunday|start_date|end_date
calendar_dates.txt,True,3150,service_id|date|exception_type
shapes.txt,True,762,shape_id|n_points
frequencies.txt,False,0,
transfers.txt,False,0,
feed_info.txt,True,1,feed_publisher_name|feed_publisher_url|feed_lang|feed_start_date|feed_end_date|feed_version|feed_contact_email
