service_date,n_active_service_ids,n_scheduled_trips,weekday
2025-09-12,298,11752,sexta-feira
2025-09-15,298,11752,segunda-feira
2025-09-16,298,11752,terça-feira
2025-09-17,298,11752,quarta-feira
2025-09-18,298,11752,quinta-feira
2025-09-19,298,11752,sexta-feira
2025-09-22,298,11752,segunda-feira
2025-09-23,298,11752,terça-feira
2025-09-24,298,11752,quarta-feira
2025-09-25,298,11752,quinta-feira
2025-09-26,298,11752,sexta-feira
2025-09-29,298,11752,segunda-feira
2025-09-30,298,11752,terça-feira
2025-10-01,298,11752,quarta-feira
2025-10-02,298,11752,quinta-feira
2025-10-03,298,11752,sexta-feira
2025-10-06,298,11752,segunda-feira
2025-10-07,298,11752,terça-feira
2025-10-08,298,11752,quarta-feira
2025-10-09,298,11752,quinta-feira
2025-10-10,298,11752,sexta-feira
2025-10-13,298,11752,segunda-feira
2025-10-14,298,11752,terça-feira
2025-10-15,298,11752,quarta-feira
2025-10-16,298,11752,quinta-feira
2025-10-17,298,11752,sexta-feira
2025-10-20,298,11752,segunda-feira
2025-10-21,298,11752,terça-feira
2025-10-22,298,11752,quarta-feira
2025-10-23,298,11752,quinta-feira
2025-10-24,298,11752,sexta-feira
2025-10-27,298,11752,segunda-feira
2025-10-28,298,11752,terça-feira
2025-10-29,298,11752,quarta-feira
2025-10-30,298,11752,quinta-feira
2025-10-31,298,11752,sexta-feira
2025-11-03,298,11752,segunda-feira
2025-11-04,298,11752,terça-feira
2025-11-05,298,11752,quarta-feira
2025-11-06,298,11752,quinta-feira
2025-11-07,298,11752,sexta-feira
2025-11-10,298,11752,segunda-feira
2025-11-11,298,11752,terça-feira
2025-11-12,298,11752,quarta-feira
2025-11-13,298,11752,quinta-feira
2025-11-14,298,11752,sexta-feira
2025-11-17,298,11752,segunda-feira
2025-11-18,298,11752,terça-feira
2025-11-19,298,11752,quarta-feira
2025-11-21,298,11752,sexta-feira
2025-11-24,298,11752,segunda-feira
2025-11-25,298,11752,terça-feira
2025-11-26,298,11752,quarta-feira
2025-11-27,298,11752,quinta-feira
2025-11-28,298,11752,sexta-feira
2025-12-01,298,11752,segunda-feira
2025-12-02,298,11752,terça-feira
2025-12-03,298,11752,quarta-feira
2025-12-04,298,11752,quinta-feira
2025-12-05,298,11752,sexta-feira
2025-12-08,298,11752,segunda-feira
2025-12-09,298,11752,terça-feira
2025-12-10,298,11752,quarta-feira
2025-12-11,298,11752,quinta-feira
2025-12-12,298,11752,sexta-feira
2025-09-13,202,6317,sábado
2025-09-27,202,6317,sábado
2025-10-04,202,6317,sábado
2025-10-11,202,6317,sábado
2025-10-18,202,6317,sábado
2025-10-25,202,6317,sábado
2025-11-01,202,6317,sábado
2025-11-08,202,6317,sábado
2025-11-22,202,6317,sábado
2025-11-29,202,6317,sábado
2025-12-06,202,6317,sábado
2025-09-20,166,4246,sábado
2025-10-12,166,4246,domingo
2025-11-02,166,4246,domingo
2025-11-15,166,4246,sábado
2025-11-20,166,4246,quinta-feira
2025-09-14,160,4074,domingo
2025-09-21,160,4074,domingo
2025-09-28,160,4074,domingo
2025-10-05,160,4074,domingo
2025-10-19,160,4074,domingo
2025-10-26,160,4074,domingo
2025-11-09,160,4074,domingo
2025-11-16,160,4074,domingo
2025-11-23,160,4074,domingo
2025-11-30,160,4074,domingo
2025-12-07,160,4074,domingo
